scenario,timestamp,availability,performance,quality,oee,air_pressure_low_ratio,cycle_stop_present,vibration,acoustic_emission,setpressure_cycle_count,setvelo_mean
no_error,2026-03-15 08:08:17+00:00,1.0,1.0,1.0,1.0,0.0,0,0.004544936236259713,0.04273504273504277,1.0,0.0
no_error,2026-03-15 08:08:18+00:00,1.0,1.0,1.0,1.0,0.0,0,0.004522048791297098,0.03846153846153849,0.01020408163265306,0.6196196196196195
no_error,2026-03-15 08:08:19+00:00,1.0,1.0,1.0,1.0,0.0,0,0.004565879762948214,0.03276353276353279,0.01020408163265306,0.6886886886886887
no_error,2026-03-15 08:08:20+00:00,1.0,1.0,1.0,1.0,0.0,0,0.004447758295873938,0.04131054131054134,0.0,0.003503503503503502
no_error,2026-03-15 08:08:21+00:00,1.0,1.0,1.0,1.0,0.0,0,0.0042563123743706134,0.03418803418803421,0.01020408163265306,1.0
no_error,2026-03-15 08:08:22+00:00,1.0,1.0,1.0,1.0,0.0,0,0.004288449876937295,0.04415954415954419,0.01020408163265306,0.3043043043043043
no_error,2026-03-15 08:08:23+00:00,1.0,1.0,1.0,1.0,0.0,0,0.004158283674797965,0.04415954415954419,0.01020408163265306,0.38738738738738737
no_error,2026-03-15 08:08:24+00:00,1.0,1.0,1.0,1.0,0.0,0,0.004318547014162214,0.04415954415954419,0.01020408163265306,0.9209209209209209
no_error,2026-03-15 08:08:25+00:00,1.0,1.0,1.0,1.0,0.0,0,0.004141902671151174,0.04700854700854704,0.0,0.0
no_error,2026-03-15 08:08:26+00:00,1.0,1.0,1.0,1.0,0.0,0,0.003966635331032855,0.03846153846153849,0.01020408163265306,0.7717717717717718
no_error,2026-03-15 08:08:27+00:00,1.0,1.0,1.0,1.0,0.0,0,0.004096823314393358,0.04700854700854704,0.01020408163265306,0.5365365365365365
no_error,2026-03-15 08:08:28+00:00,1.0,1.0,1.0,1.0,0.0,0,0.00401460041101097,0.03846153846153849,0.01020408163265306,0.15515515515515516
no_error,2026-03-15 08:08:29+00:00,1.0,1.0,1.0,1.0,0.0,0,0.00391262955450139,0.04273504273504277,0.0,1.0
no_error,2026-03-15 08:08:30+00:00,1.0,1.0,1.0,1.0,0.0,0,0.0037536963051043952,0.03276353276353279,0.01020408163265306,0.15215215215215214
no_error,2026-03-15 08:08:31+00:00,1.0,1.0,1.0,1.0,0.0,0,0.003733582654547497,0.04843304843304847,0.01020408163265306,0.5395395395395395
no_error,2026-03-15 08:08:32+00:00,1.0,1.0,1.0,1.0,0.0,0,0.0037819323456035722,0.024216524216524236,0.01020408163265306,0.7687687687687688
no_error,2026-03-15 08:08:33+00:00,1.0,1.0,1.0,1.0,0.0,0,0.0037534510728611174,0.03703703703703707,0.0,0.0
no_error,2026-03-15 08:08:34+00:00,1.0,1.0,1.0,1.0,0.0,0,0.003796982851773872,0.05982905982905987,0.01020408163265306,0.923923923923924
no_error,2026-03-15 08:08:35+00:00,1.0,1.0,1.0,1.0,0.0,0,0.003634019053913769,0.03276353276353279,0.01020408163265306,0.3843843843843844
no_error,2026-03-15 08:08:36+00:00,1.0,1.0,1.0,1.0,0.0,0,0.0036990910812072673,0.03988603988603992,0.01020408163265306,0.30730730730730726
no_error,2026-03-15 08:08:37+00:00,1.0,1.0,1.0,1.0,0.0,0,0.003633565967646452,0.05128205128205132,0.0,0.9984984984984985
no_error,2026-03-15 08:08:38+00:00,1.0,1.0,1.0,1.0,0.0,0,0.0035905280628735284,0.03846153846153849,0.01020408163265306,0.002002002002002001
no_error,2026-03-15 08:08:39+00:00,1.0,1.0,1.0,1.0,0.0,0,0.003519603151602488,0.0498575498575499,0.01020408163265306,0.6916916916916918
no_error,2026-03-15 08:08:40+00:00,1.0,1.0,1.0,1.0,0.0,0,0.0033682159032435996,0.04415954415954419,0.01020408163265306,0.6166166166166166
no_error,2026-03-15 08:08:41+00:00,1.0,1.0,1.0,1.0,0.0,0,0.0034084953822207014,0.04273504273504277,0.01020408163265306,0.07507507507507505
no_error,2026-03-15 08:08:42+00:00,1.0,1.0,1.0,1.0,0.0,0,0.003553675718388444,0.03561253561253564,0.0,1.0
no_error,2026-03-15 08:08:43+00:00,1.0,1.0,1.0,1.0,0.0,0,0.0033767440660313797,0.03988603988603992,0.01020408163265306,0.23223223223223224
no_error,2026-03-15 08:08:44+00:00,1.0,1.0,1.0,1.0,0.0,0,0.0033592118968755035,0.024216524216524236,0.01020408163265306,0.4594594594594595
no_error,2026-03-15 08:08:45+00:00,1.0,1.0,1.0,1.0,0.0,0,0.0032633109338096123,0.0498575498575499,0.01020408163265306,0.8488488488488489
no_error,2026-03-15 08:08:46+00:00,1.0,1.0,1.0,1.0,0.0,0,0.003301644141687252,0.03133903133903136,0.0,0.0
no_error,2026-03-15 08:08:47+00:00,1.0,1.0,1.0,1.0,0.0,0,0.0033570549440886583,0.03846153846153849,0.01020408163265306,0.8438438438438439
no_error,2026-03-15 08:08:48+00:00,1.0,1.0,1.0,1.0,0.0,0,0.003292658853791474,0.03846153846153849,0.01020408163265306,0.4644644644644645
no_error,2026-03-15 08:08:49+00:00,1.0,1.0,1.0,1.0,0.0,0,0.0032323454732908334,0.03988603988603992,0.030612244897959183,0.22722722722722724
no_error,2026-03-15 08:08:50+00:00,1.0,1.0,1.0,1.0,0.0,0,0.003306589775232179,0.04131054131054134,0.0,1.0
no_error,2026-03-15 08:08:51+00:00,1.0,1.0,1.0,1.0,0.0,0,0.0033174096510881503,0.03561253561253564,0.01020408163265306,0.08008008008008005
no_error,2026-03-15 08:08:52+00:00,1.0,1.0,1.0,1.0,0.0,0,0.003175732972807592,0.03561253561253564,0.030612244897959183,0.6116116116116116
no_error,2026-03-15 08:08:53+00:00,1.0,1.0,1.0,1.0,0.0,0,0.003229809551474855,0.0498575498575499,0.01020408163265306,0.6966966966966968
no_error,2026-03-15 08:08:54+00:00,1.0,1.0,1.0,1.0,0.0,0,0.003213881015055011,0.0498575498575499,0.0,0.0
no_error,2026-03-15 08:08:55+00:00,1.0,1.0,1.0,1.0,0.0,0,0.0031473461050327152,0.018518518518518535,0.01020408163265306,0.995995995995996
no_error,2026-03-15 08:08:56+00:00,1.0,1.0,1.0,1.0,0.0,0,0.0030575709090539947,0.03133903133903136,0.01020408163265306,0.31231231231231227
no_error,2026-03-15 08:08:57+00:00,1.0,1.0,1.0,1.0,0.0,0,0.003199304061739115,0.03988603988603992,0.01020408163265306,0.3793793793793794
no_error,2026-03-15 08:08:58+00:00,1.0,1.0,1.0,1.0,0.0,0,0.0031135612277308944,0.04131054131054134,0.01020408163265306,0.928928928928929
no_error,2026-03-15 08:08:59+00:00,1.0,1.0,1.0,1.0,0.0,0,0.0031451272776736494,0.04843304843304847,0.0,0.0
no_error,2026-03-15 08:09:00+00:00,1.0,1.0,1.0,1.0,0.0,0,0.0031510921147358236,0.02564102564102566,0.01020408163265306,0.7637637637637638
no_error,2026-03-15 08:09:01+00:00,1.0,1.0,1.0,1.0,0.0,0,0.0031838606000619144,0.03418803418803421,0.01020408163265306,0.5445445445445445
no_error,2026-03-15 08:09:02+00:00,1.0,1.0,1.0,1.0,0.0,0,0.0031960126287026197,0.03276353276353279,0.030612244897959183,0.14714714714714713
no_error,2026-03-15 08:09:03+00:00,1.0,1.0,1.0,1.0,0.0,0,0.0030686556373244957,0.04131054131054134,0.0,1.0
no_error,2026-03-15 08:09:04+00:00,1.0,1.0,1.0,1.0,0.0,0,0.0030965068944736134,0.029914529914529937,0.01020408163265306,0.16016016016016016
no_error,2026-03-15 08:09:05+00:00,1.0,1.0,1.0,1.0,0.0,0,0.0030607686674036863,0.0498575498575499,0.01020408163265306,0.5315315315315315
no_error,2026-03-15 08:09:06+00:00,1.0,1.0,1.0,1.0,0.0,0,0.0029409050271319275,0.04843304843304847,0.01020408163265306,0.7767767767767768
no_error,2026-03-15 08:09:07+00:00,1.0,1.0,1.0,1.0,0.0,0,0.003128442764505779,0.021367521367521385,0.0,0.0
no_error,2026-03-15 08:09:08+00:00,1.0,1.0,1.0,1.0,0.0,0,0.002993377352257862,0.05270655270655275,0.01020408163265306,0.9159159159159159
no_error,2026-03-15 08:09:09+00:00,1.0,1.0,1.0,1.0,0.0,0,0.0029572840917402345,0.027065527065527086,0.01020408163265306,0.3923923923923924
no_error,2026-03-15 08:09:10+00:00,1.0,1.0,1.0,1.0,0.0,0,0.002923585625074674,0.04273504273504277,0.030612244897959183,0.29929929929929927
no_error,2026-03-15 08:09:11+00:00,1.0,1.0,1.0,1.0,0.0,0,0.0029941111567808733,0.05128205128205132,0.0,1.0
no_error,2026-03-15 08:09:12+00:00,1.0,1.0,1.0,1.0,0.0,0,0.0028561155786054736,0.03703703703703707,0.01020408163265306,0.008008008008008004
no_error,2026-03-15 08:09:13+00:00,1.0,1.0,1.0,1.0,0.0,0,0.00290536221847489,0.04131054131054134,0.030612244897959183,0.6836836836836837
no_error,2026-03-15 08:09:14+00:00,1.0,1.0,1.0,1.0,0.0,0,0.0029018926849838766,0.05128205128205132,0.01020408163265306,0.6246246246246245
no_error,2026-03-15 08:09:15+00:00,1.0,1.0,1.0,1.0,0.0,0,0.0028812250318847776,0.03561253561253564,0.030612244897959183,0.06706706706706704
no_error,2026-03-15 08:09:16+00:00,1.0,1.0,1.0,1.0,0.0,0,0.0028571117849498138,0.03988603988603992,0.0,1.0
no_error,2026-03-15 08:09:17+00:00,1.0,1.0,1.0,1.0,0.0,0,0.002859203491898962,0.03276353276353279,0.01020408163265306,0.24024024024024024
no_error,2026-03-15 08:09:18+00:00,1.0,1.0,1.0,1.0,0.0,0,0.0027505886429076915,0.029914529914529937,0.030612244897959183,0.4514514514514515
no_error,2026-03-15 08:09:19+00:00,1.0,1.0,1.0,1.0,0.0,0,0.0029235544655568267,0.03418803418803421,0.01020408163265306,0.8568568568568569
no_error,2026-03-15 08:09:20+00:00,1.0,1.0,1.0,1.0,0.0,0,0.0027810438916604295,0.03133903133903136,0.0,0.0
no_error,2026-03-15 08:09:21+00:00,1.0,1.0,1.0,1.0,0.0,0,0.0028614557930392573,0.03418803418803421,0.030612244897959183,0.8358358358358359
no_error,2026-03-15 08:09:22+00:00,1.0,1.0,1.0,1.0,0.0,0,0.0028522416225676937,0.05413105413105417,0.01020408163265306,0.4724724724724725
no_error,2026-03-15 08:09:23+00:00,1.0,1.0,1.0,1.0,0.0,0,0.0027554368013912103,0.03276353276353279,0.030612244897959183,0.21921921921921922
no_error,2026-03-15 08:09:24+00:00,1.0,1.0,1.0,1.0,0.0,0,0.0027142220760692647,0.04700854700854704,0.0,1.0
no_error,2026-03-15 08:09:25+00:00,1.0,1.0,1.0,1.0,0.0,0,0.0027649601795549155,0.04700854700854704,0.01020408163265306,0.08808808808808806
no_error,2026-03-15 08:09:26+00:00,1.0,1.0,1.0,1.0,0.0,0,0.0027204937623500377,0.03988603988603992,0.030612244897959183,0.6036036036036035
no_error,2026-03-15 08:09:27+00:00,1.0,1.0,1.0,1.0,0.0,0,0.0027257692874828585,0.03561253561253564,0.01020408163265306,0.7047047047047047
no_error,2026-03-15 08:09:28+00:00,1.0,1.0,1.0,1.0,0.0,0,0.0028600176555761744,0.04131054131054134,0.0,0.0
no_error,2026-03-15 08:09:29+00:00,1.0,1.0,1.0,1.0,0.0,0,0.0027021453309958674,0.04415954415954419,0.01020408163265306,0.987987987987988
no_error,2026-03-15 08:09:30+00:00,1.0,1.0,1.0,1.0,0.0,0,0.0027625523954777007,0.05270655270655275,0.01020408163265306,0.3203203203203203
no_error,2026-03-15 08:09:31+00:00,1.0,1.0,1.0,1.0,0.0,0,0.002700765329959996,0.04558404558404562,0.030612244897959183,0.3713713713713714
no_error,2026-03-15 08:09:32+00:00,1.0,1.0,1.0,1.0,0.0,0,0.0027467344400675994,0.03846153846153849,0.01020408163265306,0.9369369369369369
no_error,2026-03-15 08:09:33+00:00,1.0,1.0,1.0,1.0,0.0,0,0.002600634437889532,0.03561253561253564,0.0,0.0
no_error,2026-03-15 08:09:34+00:00,1.0,1.0,1.0,1.0,0.0,0,0.002688687440624033,0.03276353276353279,0.030612244897959183,0.7557557557557557
no_error,2026-03-15 08:09:35+00:00,1.0,1.0,1.0,1.0,0.0,0,0.0026463934549931334,0.0555555555555556,0.01020408163265306,0.5525525525525525
no_error,2026-03-15 08:09:36+00:00,1.0,1.0,1.0,1.0,0.0,0,0.002596956186989487,0.03561253561253564,0.030612244897959183,0.13913913913913914
no_error,2026-03-15 08:09:37+00:00,1.0,1.0,1.0,1.0,0.0,0,0.0025763773632652715,0.04273504273504277,0.0,1.0
no_error,2026-03-15 08:09:38+00:00,1.0,1.0,1.0,1.0,0.0,0,0.0026154496314002708,0.03276353276353279,0.01020408163265306,0.16816816816816815
no_error,2026-03-15 08:09:39+00:00,1.0,1.0,1.0,1.0,0.0,0,0.0026023777492644685,0.04273504273504277,0.030612244897959183,0.5235235235235235
no_error,2026-03-15 08:09:40+00:00,1.0,1.0,1.0,1.0,0.0,0,0.0025606093300199464,0.04415954415954419,0.01020408163265306,0.7847847847847848
no_error,2026-03-15 08:09:41+00:00,1.0,1.0,1.0,1.0,0.0,0,0.002521474091306337,0.03561253561253564,0.0,0.0
no_error,2026-03-15 08:09:42+00:00,1.0,1.0,1.0,1.0,0.0,0,0.0025509621405500203,0.03703703703703707,0.030612244897959183,0.907907907907908
no_error,2026-03-15 08:09:43+00:00,1.0,1.0,1.0,1.0,0.0,0,0.0026192777944450537,0.03703703703703707,0.01020408163265306,0.4004004004004004
no_error,2026-03-15 08:09:44+00:00,1.0,1.0,1.0,1.0,0.0,0,0.0025537379890932673,0.06980056980056977,0.030612244897959183,0.2912912912912913
no_error,2026-03-15 08:09:45+00:00,1.0,1.0,1.0,1.0,0.0,0,0.0024974037718807664,0.03988603988603992,0.0,1.0
no_error,2026-03-15 08:09:46+00:00,1.0,1.0,1.0,1.0,0.0,0,0.0025276791434028036,0.04415954415954419,0.01020408163265306,0.01601601601601601
no_error,2026-03-15 08:09:47+00:00,1.0,1.0,1.0,1.0,0.0,0,0.0025711991668477038,0.0555555555555556,0.030612244897959183,0.6756756756756757
no_error,2026-03-15 08:09:48+00:00,1.0,1.0,1.0,1.0,0.0,0,0.0026001670536542525,0.04415954415954419,0.01020408163265306,0.6326326326326326
no_error,2026-03-15 08:09:49+00:00,1.0,1.0,1.0,1.0,0.0,0,0.0025788423968662847,0.04415954415954419,0.01020408163265306,0.05905905905905904
no_error,2026-03-15 08:09:50+00:00,1.0,1.0,1.0,1.0,0.0,0,0.002538225060180931,0.03703703703703707,0.0,1.0
no_error,2026-03-15 08:09:51+00:00,1.0,1.0,1.0,1.0,0.0,0,0.002579665736609903,0.05413105413105417,0.01020408163265306,0.24824824824824826
no_error,2026-03-15 08:09:52+00:00,1.0,1.0,1.0,1.0,0.0,0,0.0025468251771135356,0.04700854700854704,0.01020408163265306,0.44344344344344344
no_error,2026-03-15 08:09:53+00:00,1.0,1.0,1.0,1.0,0.0,0,0.0024998261311727408,0.04558404558404562,0.01020408163265306,0.8648648648648649
no_error,2026-03-15 08:09:54+00:00,1.0,1.0,1.0,1.0,0.0,0,0.002456935682134039,0.03988603988603992,0.0,0.0
no_error,2026-03-15 08:09:55+00:00,1.0,1.0,1.0,1.0,0.0,0,0.0025016114476541958,0.03276353276353279,0.030612244897959183,0.8278278278278279
no_error,2026-03-15 08:09:56+00:00,1.0,1.0,1.0,1.0,0.0,0,0.002555116923143902,0.04558404558404562,0.01020408163265306,0.4804804804804805
no_error,2026-03-15 08:09:57+00:00,1.0,1.0,1.0,1.0,0.0,0,0.0024247921737794156,0.04273504273504277,0.01020408163265306,0.21121121121121122
no_error,2026-03-15 08:09:58+00:00,1.0,1.0,1.0,1.0,0.0,0,0.002458223950146452,0.03703703703703707,0.0,1.0
no_error,2026-03-15 08:09:59+00:00,1.0,1.0,1.0,1.0,0.0,0,0.002491527197553133,0.04273504273504277,0.01020408163265306,0.09609609609609607
no_error,2026-03-15 08:10:00+00:00,1.0,1.0,1.0,1.0,0.0,0,0.0025164516746380675,0.05413105413105417,0.030612244897959183,0.5955955955955956
no_error,2026-03-15 08:10:01+00:00,1.0,1.0,1.0,1.0,0.0,0,0.0025466595647904945,0.05982905982905987,0.01020408163265306,0.7127127127127127
no_error,2026-03-15 08:10:02+00:00,1.0,1.0,1.0,1.0,0.0,0,0.0025424082058877204,0.03846153846153849,0.0,0.0
no_error,2026-03-15 08:10:03+00:00,1.0,1.0,1.0,1.0,0.0,0,0.0025631143023146646,0.0498575498575499,0.01020408163265306,0.97997997997998
no_error,2026-03-15 08:10:04+00:00,1.0,1.0,1.0,1.0,0.0,0,0.0025055817042687616,0.03561253561253564,0.01020408163265306,0.3283283283283283
no_error,2026-03-15 08:10:05+00:00,1.0,1.0,1.0,1.0,0.0,0,0.002433208177794643,0.03276353276353279,0.01020408163265306,0.3633633633633634
no_error,2026-03-15 08:10:06+00:00,1.0,1.0,1.0,1.0,0.0,0,0.0023832028434630876,0.04415954415954419,0.01020408163265306,0.944944944944945
no_error,2026-03-15 08:10:07+00:00,1.0,1.0,1.0,1.0,0.0,0,0.0024303625445206293,0.03561253561253564,0.0,0.0
no_error,2026-03-15 08:10:08+00:00,1.0,1.0,1.0,1.0,0.0,0,0.002467258789458278,0.03561253561253564,0.01020408163265306,0.7477477477477478
no_error,2026-03-15 08:10:09+00:00,1.0,1.0,1.0,1.0,0.0,0,0.002438212751504674,0.03561253561253564,0.01020408163265306,0.5605605605605606
no_error,2026-03-15 08:10:10+00:00,1.0,1.0,1.0,1.0,0.0,0,0.002411712849949773,0.06410256410256415,0.01020408163265306,0.13113113113113112
no_error,2026-03-15 08:10:11+00:00,1.0,1.0,1.0,1.0,0.0,0,0.0023908955939666173,0.04131054131054134,0.0,1.0
no_error,2026-03-15 08:10:12+00:00,1.0,1.0,1.0,1.0,0.0,0,0.002404883871784301,0.04415954415954419,0.01020408163265306,0.17617617617617615
no_error,2026-03-15 08:10:13+00:00,1.0,1.0,1.0,1.0,0.0,0,0.0024215442606066967,0.04415954415954419,0.01020408163265306,0.5155155155155156
no_error,2026-03-15 08:10:14+00:00,1.0,1.0,1.0,1.0,0.0,0,0.002435802485597691,0.04700854700854704,0.01020408163265306,0.7927927927927928
no_error,2026-03-15 08:10:15+00:00,1.0,1.0,1.0,1.0,0.0,0,0.0024382395901656815,0.03703703703703707,0.0,0.0
no_error,2026-03-15 08:10:16+00:00,1.0,1.0,1.0,1.0,0.0,0,0.0024225397372810045,0.04700854700854704,0.01020408163265306,0.8998998998998999
no_error,2026-03-15 08:10:17+00:00,1.0,1.0,1.0,1.0,0.0,0,0.002484304632070145,0.05270655270655275,0.0,1.0
air_pressure_low,2026-03-15 08:08:17+00:00,1.0,0.8,1.0,0.8,0.9944812362030905,0,0.006772249897876794,0.03561253561253564,1.0,0.0
air_pressure_low,2026-03-15 08:08:18+00:00,1.0,0.8,1.0,0.8,0.9129129129129129,0,0.0066629642590845415,0.04700854700854704,0.01020408163265306,0.6196196196196195
air_pressure_low,2026-03-15 08:08:19+00:00,1.0,0.8,1.0,0.8,0.0,0,0.006434986362814692,0.03846153846153849,0.01020408163265306,0.6886886886886887
air_pressure_low,2026-03-15 08:08:20+00:00,1.0,0.8,1.0,0.8,0.0,0,0.00622103382763703,0.04558404558404562,0.0,0.003503503503503502
air_pressure_low,2026-03-15 08:08:21+00:00,1.0,0.8,1.0,0.8,0.0,0,0.006310017547127741,0.04415954415954419,0.01020408163265306,1.0
air_pressure_low,2026-03-15 08:08:22+00:00,1.0,0.8,1.0,0.8,0.0,0,0.005959743210907923,0.03276353276353279,0.01020408163265306,0.3043043043043043
air_pressure_low,2026-03-15 08:08:23+00:00,1.0,0.8,1.0,0.8,0.0,0,0.006044032468524363,0.03418803418803421,0.01020408163265306,0.38738738738738737
air_pressure_low,2026-03-15 08:08:24+00:00,1.0,0.8,1.0,0.8,0.0,0,0.006050996981711712,0.03276353276353279,0.01020408163265306,0.9209209209209209
air_pressure_low,2026-03-15 08:08:25+00:00,1.0,0.8,1.0,0.8,0.0,0,0.005767201917797036,0.04415954415954419,0.0,0.0
air_pressure_low,2026-03-15 08:08:26+00:00,1.0,0.8,1.0,0.8,0.0,0,0.0060339833468859416,0.03846153846153849,0.01020408163265306,0.7717717717717718
air_pressure_low,2026-03-15 08:08:27+00:00,1.0,0.8,1.0,0.8,0.0,0,0.005904943035173902,0.03846153846153849,0.01020408163265306,0.5365365365365365
air_pressure_low,2026-03-15 08:08:28+00:00,1.0,0.8,1.0,0.8,0.0,0,0.005642387268437857,0.04415954415954419,0.01020408163265306,0.15515515515515516
air_pressure_low,2026-03-15 08:08:29+00:00,1.0,0.8,1.0,0.8,0.0,0,0.005775128191681901,0.02279202279202281,0.0,1.0
air_pressure_low,2026-03-15 08:08:30+00:00,1.0,0.8,1.0,0.8,0.0,0,0.005580862326226286,0.02849002849002851,0.01020408163265306,0.15215215215215214
air_pressure_low,2026-03-15 08:08:31+00:00,1.0,0.8,1.0,0.8,0.0,0,0.005436943615594847,0.04131054131054134,0.01020408163265306,0.5395395395395395
air_pressure_low,2026-03-15 08:08:32+00:00,1.0,0.8,1.0,0.8,0.0,0,0.005355487809859025,0.03703703703703707,0.01020408163265306,0.7687687687687688
air_pressure_low,2026-03-15 08:08:33+00:00,1.0,0.8,1.0,0.8,0.0,0,0.005246915576584819,0.03276353276353279,0.0,0.0
air_pressure_low,2026-03-15 08:08:34+00:00,1.0,0.8,1.0,0.8,0.11911911911911911,0,0.005315290670719852,0.03846153846153849,0.01020408163265306,0.923923923923924
air_pressure_low,2026-03-15 08:08:35+00:00,1.0,0.8,1.0,0.8,1.0,0,0.00513835835092883,0.03988603988603992,0.01020408163265306,0.3843843843843844
air_pressure_low,2026-03-15 08:08:36+00:00,1.0,0.8,1.0,0.8,0.6946946946946947,0,0.005051681927016585,0.03561253561253564,0.01020408163265306,0.30730730730730726
air_pressure_low,2026-03-15 08:08:37+00:00,1.0,0.8,1.0,0.8,0.0,0,0.005089892215586579,0.03846153846153849,0.0,0.9984984984984985
air_pressure_low,2026-03-15 08:08:38+00:00,1.0,0.8,1.0,0.8,0.0,0,0.005011983780135848,0.03418803418803421,0.01020408163265306,0.002002002002002001
air_pressure_low,2026-03-15 08:08:39+00:00,1.0,0.8,1.0,0.8,0.0,0,0.004904757013311087,0.04415954415954419,0.01020408163265306,0.6916916916916918
air_pressure_low,2026-03-15 08:08:40+00:00,1.0,0.8,1.0,0.8,0.0,0,0.004799701650199122,0.05270655270655275,0.01020408163265306,0.6166166166166166
air_pressure_low,2026-03-15 08:08:41+00:00,1.0,0.8,1.0,0.8,0.0,0,1.0,0.17236467236467234,0.01020408163265306,0.07507507507507505
air_pressure_low,2026-03-15 08:08:42+00:00,1.0,0.8,1.0,0.8,0.0,0,0.2257600235452208,0.08831908831908832,0.0,1.0
air_pressure_low,2026-03-15 08:08:43+00:00,1.0,0.8,1.0,0.8,0.0,0,0.006658712380429772,0.04700854700854704,0.01020408163265306,0.23223223223223224
air_pressure_low,2026-03-15 08:08:44+00:00,1.0,0.8,1.0,0.8,0.23423423423423423,0,0.004083361260601501,0.02564102564102566,0.01020408163265306,0.4594594594594595
air_pressure_low,2026-03-15 08:08:45+00:00,1.0,0.8,1.0,0.8,1.0,0,0.0037396913929763757,0.027065527065527086,0.01020408163265306,0.8488488488488489
air_pressure_low,2026-03-15 08:08:46+00:00,1.0,0.8,1.0,0.8,0.5795795795795796,0,0.0037146893492878735,0.04131054131054134,0.0,0.0
air_pressure_low,2026-03-15 08:08:47+00:00,1.0,0.8,1.0,0.8,0.7227227227227228,0,0.0036970220121803005,0.02849002849002851,0.01020408163265306,0.8438438438438439
air_pressure_low,2026-03-15 08:08:48+00:00,1.0,0.8,1.0,0.8,1.0,0,0.0035642303979313786,0.02849002849002851,0.01020408163265306,0.4644644644644645
air_pressure_low,2026-03-15 08:08:49+00:00,1.0,0.8,1.0,0.8,0.09109109109109109,0,0.003548923232277223,0.03846153846153849,0.030612244897959183,0.22722722722722724
air_pressure_low,2026-03-15 08:08:50+00:00,1.0,0.8,1.0,0.8,0.0,0,0.0035769080899607296,0.027065527065527086,0.0,1.0
air_pressure_low,2026-03-15 08:08:51+00:00,1.0,0.8,1.0,0.8,0.0,0,0.026336018895652152,0.07834757834757833,0.01020408163265306,0.08008008008008005
air_pressure_low,2026-03-15 08:08:52+00:00,1.0,0.8,1.0,0.8,0.0,0,0.003488830431206377,0.03703703703703707,0.030612244897959183,0.6116116116116116
air_pressure_low,2026-03-15 08:08:53+00:00,1.0,0.8,1.0,0.8,0.0,0,0.024200265062551265,0.04843304843304847,0.01020408163265306,0.6966966966966968
air_pressure_low,2026-03-15 08:08:54+00:00,1.0,0.8,1.0,0.8,0.0,0,0.0033822068864518594,0.04273504273504277,0.0,0.0
air_pressure_low,2026-03-15 08:08:55+00:00,1.0,0.8,1.0,0.8,0.0,0,0.03584464981178277,0.2735042735042735,0.01020408163265306,0.995995995995996
air_pressure_low,2026-03-15 08:08:56+00:00,1.0,0.8,1.0,0.8,0.0,0,0.0034971179073751716,0.05840455840455845,0.01020408163265306,0.31231231231231227
air_pressure_low,2026-03-15 08:08:57+00:00,1.0,0.8,1.0,0.8,0.0,0,0.025820902171480673,0.1438746438746439,0.01020408163265306,0.3793793793793794
air_pressure_low,2026-03-15 08:08:58+00:00,1.0,0.8,1.0,0.8,0.0,0,0.0033016350393699533,0.0612535612535613,0.01020408163265306,0.928928928928929
air_pressure_low,2026-03-15 08:08:59+00:00,1.0,0.8,1.0,0.8,0.0,0,0.02918077524099368,0.15384615384615388,0.0,0.0
air_pressure_low,2026-03-15 08:09:00+00:00,1.0,0.8,1.0,0.8,0.0,0,0.003362558748572651,0.04131054131054134,0.01020408163265306,0.7637637637637638
air_pressure_low,2026-03-15 08:09:01+00:00,1.0,0.8,1.0,0.8,0.0,0,0.03664091310245579,0.22222222222222224,0.01020408163265306,0.5445445445445445
air_pressure_low,2026-03-15 08:09:02+00:00,1.0,0.8,1.0,0.8,0.0,0,0.03642753470383916,0.11538461538461539,0.030612244897959183,0.14714714714714713
air_pressure_low,2026-03-15 08:09:03+00:00,1.0,0.8,1.0,0.8,0.0,0,0.0033954773011452615,0.03988603988603992,0.0,1.0
air_pressure_low,2026-03-15 08:09:04+00:00,1.0,0.8,1.0,0.8,0.0,0,0.003317500849235323,0.05270655270655275,0.01020408163265306,0.16016016016016016
air_pressure_low,2026-03-15 08:09:05+00:00,1.0,0.8,1.0,0.8,0.0,0,0.0032319334291850466,0.04700854700854704,0.01020408163265306,0.5315315315315315
air_pressure_low,2026-03-15 08:09:06+00:00,1.0,0.8,1.0,0.8,0.0,0,0.03508517239929538,0.16666666666666663,0.01020408163265306,0.7767767767767768
air_pressure_low,2026-03-15 08:09:07+00:00,1.0,0.8,1.0,0.8,0.0,0,0.003224739171375571,0.03133903133903136,0.0,0.0
air_pressure_low,2026-03-15 08:09:08+00:00,1.0,0.8,1.0,0.8,0.0,0,0.0031245985611508473,0.04843304843304847,0.01020408163265306,0.9159159159159159
air_pressure_low,2026-03-15 08:09:09+00:00,1.0,0.8,1.0,0.8,0.0,0,0.003240880007368545,0.03561253561253564,0.01020408163265306,0.3923923923923924
air_pressure_low,2026-03-15 08:09:10+00:00,1.0,0.8,1.0,0.8,0.0,0,0.0032692495619010514,0.03846153846153849,0.030612244897959183,0.29929929929929927
air_pressure_low,2026-03-15 08:09:11+00:00,1.0,0.8,1.0,0.8,0.0,0,0.0031248815185220278,0.03988603988603992,0.0,1.0
air_pressure_low,2026-03-15 08:09:12+00:00,1.0,0.8,1.0,0.8,0.0,0,0.003162816439702707,0.04700854700854704,0.01020408163265306,0.008008008008008004
air_pressure_low,2026-03-15 08:09:13+00:00,1.0,0.8,1.0,0.8,0.0,0,0.0032341010019317764,0.03846153846153849,0.030612244897959183,0.6836836836836837
air_pressure_low,2026-03-15 08:09:14+00:00,1.0,0.8,1.0,0.8,0.0,0,0.0031152439423797478,0.03846153846153849,0.01020408163265306,0.6246246246246245
air_pressure_low,2026-03-15 08:09:15+00:00,1.0,0.8,1.0,0.8,0.0,0,0.0031405775903533403,0.03276353276353279,0.030612244897959183,0.06706706706706704
air_pressure_low,2026-03-15 08:09:16+00:00,1.0,0.8,1.0,0.8,0.0,0,0.0031551186808386317,0.03561253561253564,0.0,1.0
air_pressure_low,2026-03-15 08:09:17+00:00,1.0,0.8,1.0,0.8,0.0,0,0.003055959289517335,0.029914529914529937,0.01020408163265306,0.24024024024024024
air_pressure_low,2026-03-15 08:09:18+00:00,1.0,0.8,1.0,0.8,0.0,0,0.0031093739401706834,0.03418803418803421,0.030612244897959183,0.4514514514514515
air_pressure_low,2026-03-15 08:09:19+00:00,1.0,0.8,1.0,0.8,0.0,0,0.0030408451144797476,0.03276353276353279,0.01020408163265306,0.8568568568568569
air_pressure_low,2026-03-15 08:09:20+00:00,1.0,0.8,1.0,0.8,0.0,0,0.016651831739547145,0.04131054131054134,0.0,0.0
air_pressure_low,2026-03-15 08:09:21+00:00,1.0,0.8,1.0,0.8,0.0,0,0.04012916214893073,0.2022792022792023,0.030612244897959183,0.8358358358358359
air_pressure_low,2026-03-15 08:09:22+00:00,1.0,0.8,1.0,0.8,0.0,0,0.0827903491661246,0.29772079772079774,0.01020408163265306,0.4724724724724725
air_pressure_low,2026-03-15 08:09:23+00:00,1.0,0.8,1.0,0.8,0.0,0,0.09655926769897848,0.1367521367521368,0.030612244897959183,0.21921921921921922
air_pressure_low,2026-03-15 08:09:24+00:00,1.0,0.8,1.0,0.8,0.0,0,0.06122652210880508,0.12393162393162395,0.0,1.0
air_pressure_low,2026-03-15 08:09:25+00:00,1.0,0.8,1.0,0.8,0.0,0,0.0030142173510094867,0.029914529914529937,0.01020408163265306,0.08808808808808806
air_pressure_low,2026-03-15 08:09:26+00:00,1.0,0.8,1.0,0.8,0.0,0,0.002920421139942573,0.04558404558404562,0.030612244897959183,0.6036036036036035
air_pressure_low,2026-03-15 08:09:27+00:00,1.0,0.8,1.0,0.8,0.0,0,0.002963415361073781,0.04415954415954419,0.01020408163265306,0.7047047047047047
air_pressure_low,2026-03-15 08:09:28+00:00,1.0,0.8,1.0,0.8,0.0,0,0.0029117607364334496,0.05413105413105417,0.0,0.0
air_pressure_low,2026-03-15 08:09:29+00:00,1.0,0.8,1.0,0.8,0.0,0,0.002869209168895011,0.03988603988603992,0.01020408163265306,0.987987987987988
air_pressure_low,2026-03-15 08:09:30+00:00,1.0,0.8,1.0,0.8,0.0,0,0.0029297408026505304,0.06410256410256415,0.01020408163265306,0.3203203203203203
air_pressure_low,2026-03-15 08:09:31+00:00,1.0,0.8,1.0,0.8,0.0,0,0.0029386120599069043,0.03276353276353279,0.030612244897959183,0.3713713713713714
air_pressure_low,2026-03-15 08:09:32+00:00,1.0,0.8,1.0,0.8,0.0,0,0.0028720031283290025,0.04131054131054134,0.01020408163265306,0.9369369369369369
air_pressure_low,2026-03-15 08:09:33+00:00,1.0,0.8,1.0,0.8,0.0,0,0.002822888000148967,0.04131054131054134,0.0,0.0
air_pressure_low,2026-03-15 08:09:34+00:00,1.0,0.8,1.0,0.8,0.0,0,0.002857754850450197,0.03418803418803421,0.030612244897959183,0.7557557557557557
air_pressure_low,2026-03-15 08:09:35+00:00,1.0,0.8,1.0,0.8,0.0,0,0.002862854190170062,0.03846153846153849,0.01020408163265306,0.5525525525525525
air_pressure_low,2026-03-15 08:09:36+00:00,1.0,0.8,1.0,0.8,0.0,0,0.0028564600481250204,0.03703703703703707,0.030612244897959183,0.13913913913913914
air_pressure_low,2026-03-15 08:09:37+00:00,1.0,0.8,1.0,0.8,0.0,0,0.0027961290082428136,0.03133903133903136,0.0,1.0
air_pressure_low,2026-03-15 08:09:38+00:00,1.0,0.8,1.0,0.8,0.0,0,0.0028584833148908653,0.04843304843304847,0.01020408163265306,0.16816816816816815
air_pressure_low,2026-03-15 08:09:39+00:00,1.0,0.8,1.0,0.8,0.0,0,0.0027853557951037595,0.03276353276353279,0.030612244897959183,0.5235235235235235
air_pressure_low,2026-03-15 08:09:40+00:00,1.0,0.8,1.0,0.8,0.0,0,0.0028660648529834024,0.029914529914529937,0.01020408163265306,0.7847847847847848
air_pressure_low,2026-03-15 08:09:41+00:00,1.0,0.8,1.0,0.8,0.0,0,0.002822985678334979,0.03561253561253564,0.0,0.0
air_pressure_low,2026-03-15 08:09:42+00:00,1.0,0.8,1.0,0.8,0.0,0,0.0027776122036955913,0.03703703703703707,0.030612244897959183,0.907907907907908
air_pressure_low,2026-03-15 08:09:43+00:00,1.0,0.8,1.0,0.8,0.0,0,0.0027678607883409342,0.027065527065527086,0.01020408163265306,0.4004004004004004
air_pressure_low,2026-03-15 08:09:44+00:00,1.0,0.8,1.0,0.8,0.0,0,0.00276547817253716,0.03846153846153849,0.030612244897959183,0.2912912912912913
air_pressure_low,2026-03-15 08:09:45+00:00,1.0,0.8,1.0,0.8,0.0,0,0.0028130292152778124,0.05270655270655275,0.0,1.0
air_pressure_low,2026-03-15 08:09:46+00:00,1.0,0.8,1.0,0.8,0.0,0,0.010887876307046424,0.04700854700854704,0.01020408163265306,0.01601601601601601
air_pressure_low,2026-03-15 08:09:47+00:00,1.0,0.8,1.0,0.8,0.0,0,0.03771228882674682,0.07549857549857548,0.030612244897959183,0.6756756756756757
air_pressure_low,2026-03-15 08:09:48+00:00,1.0,0.8,1.0,0.8,0.0,0,0.002674694181820413,0.029914529914529937,0.01020408163265306,0.6326326326326326
air_pressure_low,2026-03-15 08:09:49+00:00,1.0,0.8,1.0,0.8,0.0,0,0.01726492328359224,0.03133903133903136,0.01020408163265306,0.05905905905905904
air_pressure_low,2026-03-15 08:09:50+00:00,1.0,0.8,1.0,0.8,0.0,0,0.0027049164903193076,0.03846153846153849,0.0,1.0
air_pressure_low,2026-03-15 08:09:51+00:00,1.0,0.8,1.0,0.8,0.0,0,0.0026772457601006543,0.03133903133903136,0.01020408163265306,0.24824824824824826
air_pressure_low,2026-03-15 08:09:52+00:00,1.0,0.8,1.0,0.8,0.0,0,0.0027063976830736794,0.04843304843304847,0.01020408163265306,0.44344344344344344
air_pressure_low,2026-03-15 08:09:53+00:00,1.0,0.8,1.0,0.8,0.0,0,0.002611871502194712,0.04131054131054134,0.01020408163265306,0.8648648648648649
air_pressure_low,2026-03-15 08:09:54+00:00,1.0,0.8,1.0,0.8,0.0,0,0.002785094171821511,0.04558404558404562,0.0,0.0
air_pressure_low,2026-03-15 08:09:55+00:00,1.0,0.8,1.0,0.8,0.2882882882882883,0,0.0027409115586847998,0.0498575498575499,0.030612244897959183,0.8278278278278279
air_pressure_low,2026-03-15 08:09:56+00:00,1.0,0.8,1.0,0.8,1.0,0,0.0027304623745088297,0.0555555555555556,0.01020408163265306,0.4804804804804805
air_pressure_low,2026-03-15 08:09:57+00:00,1.0,0.8,1.0,0.8,0.5255255255255256,0,0.0027080982813598676,0.04415954415954419,0.01020408163265306,0.21121121121121122
air_pressure_low,2026-03-15 08:09:58+00:00,1.0,0.8,1.0,0.8,0.0,0,0.0026423910275537466,0.03561253561253564,0.0,1.0
air_pressure_low,2026-03-15 08:09:59+00:00,1.0,0.8,1.0,0.8,0.0,0,0.035053733373635244,0.08404558404558403,0.01020408163265306,0.09609609609609607
air_pressure_low,2026-03-15 08:10:00+00:00,1.0,0.8,1.0,0.8,0.0,0,0.0026123328399089885,0.04558404558404562,0.030612244897959183,0.5955955955955956
air_pressure_low,2026-03-15 08:10:01+00:00,1.0,0.8,1.0,0.8,0.0,0,0.0027060728998383426,0.04131054131054134,0.01020408163265306,0.7127127127127127
air_pressure_low,2026-03-15 08:10:02+00:00,1.0,0.8,1.0,0.8,0.0,0,0.0026663459569926154,0.05270655270655275,0.0,0.0
air_pressure_low,2026-03-15 08:10:03+00:00,1.0,0.8,1.0,0.8,0.0,0,0.0026233016001968095,0.03988603988603992,0.01020408163265306,0.97997997997998
air_pressure_low,2026-03-15 08:10:04+00:00,1.0,0.8,1.0,0.8,0.8528528528528528,0,0.0025574279650005987,0.04131054131054134,0.01020408163265306,0.3283283283283283
air_pressure_low,2026-03-15 08:10:05+00:00,1.0,0.8,1.0,0.8,0.9619619619619619,0,0.0026311086990568203,0.03846153846153849,0.01020408163265306,0.3633633633633634
air_pressure_low,2026-03-15 08:10:06+00:00,1.0,0.8,1.0,0.8,0.0,0,0.002560168109463352,0.03988603988603992,0.01020408163265306,0.944944944944945
air_pressure_low,2026-03-15 08:10:07+00:00,1.0,0.8,1.0,0.8,0.0,0,0.0026096019778649652,0.04131054131054134,0.0,0.0
air_pressure_low,2026-03-15 08:10:08+00:00,1.0,0.8,1.0,0.8,0.0,0,0.0026340042207979404,0.03561253561253564,0.01020408163265306,0.7477477477477478
air_pressure_low,2026-03-15 08:10:09+00:00,1.0,0.8,1.0,0.8,0.8068068068068068,0,0.0026141179868599067,0.03133903133903136,0.01020408163265306,0.5605605605605606
air_pressure_low,2026-03-15 08:10:10+00:00,1.0,0.8,1.0,0.8,1.0,0,0.002567434614560579,0.03561253561253564,0.01020408163265306,0.13113113113113112
air_pressure_low,2026-03-15 08:10:11+00:00,1.0,0.8,1.0,0.8,0.007007007007007007,0,0.0025939461559561657,0.04131054131054134,0.0,1.0
air_pressure_low,2026-03-15 08:10:12+00:00,1.0,0.8,1.0,0.8,0.0,0,0.0025882699985510624,0.04415954415954419,0.01020408163265306,0.17617617617617615
air_pressure_low,2026-03-15 08:10:13+00:00,1.0,0.8,1.0,0.8,0.0,0,0.002585505925734873,0.04415954415954419,0.01020408163265306,0.5155155155155156
air_pressure_low,2026-03-15 08:10:14+00:00,1.0,0.8,1.0,0.8,0.0,0,0.002610703549527587,0.04700854700854704,0.01020408163265306,0.7927927927927928
air_pressure_low,2026-03-15 08:10:15+00:00,1.0,0.8,1.0,0.8,0.0,0,0.002570961987115756,0.04700854700854704,0.0,0.0
air_pressure_low,2026-03-15 08:10:16+00:00,1.0,0.8,1.0,0.8,0.0,0,0.0025584572075389497,0.05270655270655275,0.01020408163265306,0.8998998998998999
air_pressure_low,2026-03-15 08:10:17+00:00,1.0,0.8,1.0,0.8,0.0,0,0.03472667749437105,0.13960113960113962,0.0,1.0
cycle_stop,2026-03-15 08:08:17+00:00,0.8333,0.96,1.0,0.8,0.0,0,0.0008199967273976592,0.014245014245014256,1.0,0.0
cycle_stop,2026-03-15 08:08:18+00:00,0.8333,0.96,1.0,0.8,0.0,0,0.0008229237897737256,0.03561253561253564,0.01020408163265306,0.6196196196196195
cycle_stop,2026-03-15 08:08:19+00:00,0.8333,0.96,1.0,0.8,0.0,0,0.0008191578573667916,0.021367521367521385,0.01020408163265306,0.6886886886886887
cycle_stop,2026-03-15 08:08:20+00:00,0.8333,0.96,1.0,0.8,0.0,0,0.0008280443310140727,0.027065527065527086,0.0,0.003503503503503502
cycle_stop,2026-03-15 08:08:21+00:00,0.8333,0.96,1.0,0.8,0.0,0,0.0008063597068606125,0.03276353276353279,0.01020408163265306,1.0
cycle_stop,2026-03-15 08:08:22+00:00,0.8333,0.96,1.0,0.8,0.0,0,0.0008109273260773175,0.02279202279202281,0.01020408163265306,0.3043043043043043
cycle_stop,2026-03-15 08:08:23+00:00,0.8333,0.96,1.0,0.8,0.0,0,0.0008370816923618528,0.024216524216524236,0.01020408163265306,0.38738738738738737
cycle_stop,2026-03-15 08:08:24+00:00,0.8333,0.96,1.0,0.8,0.0,0,0.000819150267332373,0.01994301994301996,0.01020408163265306,0.9209209209209209
cycle_stop,2026-03-15 08:08:25+00:00,0.8333,0.96,1.0,0.8,0.0,0,0.0008151149147686219,0.04131054131054134,0.0,0.0
cycle_stop,2026-03-15 08:08:26+00:00,0.8333,0.96,1.0,0.8,0.0,0,0.0008161427116145023,0.017094017094017106,0.01020408163265306,0.7717717717717718
cycle_stop,2026-03-15 08:08:27+00:00,0.8333,0.96,1.0,0.8,0.0,0,0.0008111812615049962,0.03846153846153849,0.01020408163265306,0.5365365365365365
cycle_stop,2026-03-15 08:08:28+00:00,0.8333,0.96,1.0,0.8,0.0,0,0.0008151468889991111,0.03418803418803421,0.01020408163265306,0.15515515515515516
cycle_stop,2026-03-15 08:08:29+00:00,0.8333,0.96,1.0,0.8,0.0,0,0.0008182540127170395,0.04131054131054134,0.0,1.0
cycle_stop,2026-03-15 08:08:30+00:00,0.8333,0.96,1.0,0.8,0.0,0,0.0008133392451433077,0.03133903133903136,0.01020408163265306,0.15215215215215214
cycle_stop,2026-03-15 08:08:31+00:00,0.8333,0.96,1.0,0.8,0.0,0,0.0008073445119311374,0.00997150997150998,0.01020408163265306,0.5395395395395395
cycle_stop,2026-03-15 08:08:32+00:00,0.8333,0.96,1.0,0.8,0.0,0,0.0008099507309562138,0.011396011396011405,0.01020408163265306,0.7687687687687688
cycle_stop,2026-03-15 08:08:33+00:00,0.8333,0.96,1.0,0.8,0.0,0,0.0008070260746763439,0.008547008547008553,0.0,0.0
cycle_stop,2026-03-15 08:08:34+00:00,0.8333,0.96,1.0,0.8,0.0,0,0.0008334299695330188,0.02279202279202281,0.01020408163265306,0.923923923923924
cycle_stop,2026-03-15 08:08:35+00:00,0.8333,0.96,1.0,0.8,0.0,0,0.0008233778935243278,0.01994301994301996,0.01020408163265306,0.3843843843843844
cycle_stop,2026-03-15 08:08:36+00:00,0.8333,0.96,1.0,0.8,0.0,0,0.0008148147916512016,0.02279202279202281,0.01020408163265306,0.30730730730730726
cycle_stop,2026-03-15 08:08:37+00:00,0.8333,0.96,1.0,0.8,0.0,0,0.0008150025077888717,0.021367521367521385,0.0,0.9984984984984985
cycle_stop,2026-03-15 08:08:38+00:00,0.8333,0.96,1.0,0.8,0.0,0,0.0008187070055781812,0.017094017094017106,0.01020408163265306,0.002002002002002001
cycle_stop,2026-03-15 08:08:39+00:00,0.8333,0.96,1.0,0.8,0.0,0,0.0008149057958486903,0.02279202279202281,0.01020408163265306,0.6916916916916918
cycle_stop,2026-03-15 08:08:40+00:00,0.8333,0.96,1.0,0.8,0.0,0,0.0008146633058074744,0.029914529914529937,0.01020408163265306,0.6166166166166166
cycle_stop,2026-03-15 08:08:41+00:00,0.8333,0.96,1.0,0.8,0.0,0,0.0008095603437512248,0.027065527065527086,0.01020408163265306,0.07507507507507505
cycle_stop,2026-03-15 08:08:42+00:00,0.8333,0.96,1.0,0.8,0.0,0,0.0008100666895550945,0.027065527065527086,0.0,1.0
cycle_stop,2026-03-15 08:08:43+00:00,0.8333,0.96,1.0,0.8,0.0,0,0.0008177404074675595,0.008547008547008553,0.01020408163265306,0.23223223223223224
cycle_stop,2026-03-15 08:08:44+00:00,0.8333,0.96,1.0,0.8,0.0,0,0.0008184444714304404,0.01566951566951568,0.01020408163265306,0.4594594594594595
cycle_stop,2026-03-15 08:08:45+00:00,0.8333,0.96,1.0,0.8,0.0,0,0.0008185975293431529,0.027065527065527086,0.01020408163265306,0.8488488488488489
cycle_stop,2026-03-15 08:08:46+00:00,0.8333,0.96,1.0,0.8,0.0,0,0.0008147926187577498,0.02279202279202281,0.0,0.0
cycle_stop,2026-03-15 08:08:47+00:00,0.8333,0.96,1.0,0.8,0.0,0,0.0008144708312422499,0.024216524216524236,0.01020408163265306,0.8438438438438439
cycle_stop,2026-03-15 08:08:48+00:00,0.8333,0.96,1.0,0.8,0.0,0,0.0008141244480175285,0.021367521367521385,0.01020408163265306,0.4644644644644645
cycle_stop,2026-03-15 08:08:49+00:00,0.8333,0.96,1.0,0.8,0.0,1,0.0008169515347922179,0.024216524216524236,0.030612244897959183,0.22722722722722724
cycle_stop,2026-03-15 08:08:50+00:00,0.8333,0.96,1.0,0.8,0.0,1,0.0008131486330271873,0.017094017094017106,0.0,1.0
cycle_stop,2026-03-15 08:08:51+00:00,0.8333,0.96,1.0,0.8,0.0,0,0.0008165125464169277,0.01994301994301996,0.01020408163265306,0.08008008008008005
cycle_stop,2026-03-15 08:08:52+00:00,0.8333,0.96,1.0,0.8,0.0,0,0.0008146717795192459,0.027065527065527086,0.030612244897959183,0.6116116116116116
cycle_stop,2026-03-15 08:08:53+00:00,0.8333,0.96,1.0,0.8,0.0,0,0.0008172749795417109,0.02279202279202281,0.01020408163265306,0.6966966966966968
cycle_stop,2026-03-15 08:08:54+00:00,0.8333,0.96,1.0,0.8,0.0,0,0.000822765053659347,0.02279202279202281,0.0,0.0
cycle_stop,2026-03-15 08:08:55+00:00,0.8333,0.96,1.0,0.8,0.0,0,0.0008375974108184426,0.03418803418803421,0.01020408163265306,0.995995995995996
cycle_stop,2026-03-15 08:08:56+00:00,0.8333,0.96,1.0,0.8,0.0,0,0.0008106841989587396,0.0,0.01020408163265306,0.31231231231231227
cycle_stop,2026-03-15 08:08:57+00:00,0.8333,0.96,1.0,0.8,0.0,0,0.0008121095293308897,0.021367521367521385,0.01020408163265306,0.3793793793793794
cycle_stop,2026-03-15 08:08:58+00:00,0.8333,0.96,1.0,0.8,0.0,0,0.0008117748543335098,0.021367521367521385,0.01020408163265306,0.928928928928929
cycle_stop,2026-03-15 08:08:59+00:00,0.8333,0.96,1.0,0.8,0.0,0,0.0008043634532773518,0.0,0.0,0.0
cycle_stop,2026-03-15 08:09:00+00:00,0.8333,0.96,1.0,0.8,0.0,0,0.0008260439208156426,0.017094017094017106,0.01020408163265306,0.7637637637637638
cycle_stop,2026-03-15 08:09:01+00:00,0.8333,0.96,1.0,0.8,0.0,0,0.0008116267085327927,0.02279202279202281,0.01020408163265306,0.5445445445445445
cycle_stop,2026-03-15 08:09:02+00:00,0.8333,0.96,1.0,0.8,0.0,0,0.0008137471028497891,0.03418803418803421,0.030612244897959183,0.14714714714714713
cycle_stop,2026-03-15 08:09:03+00:00,0.8333,0.96,1.0,0.8,0.0,0,0.0008120386987692284,0.017094017094017106,0.0,1.0
cycle_stop,2026-03-15 08:09:04+00:00,0.8333,0.96,1.0,0.8,0.0,0,0.0008126701363919348,0.01994301994301996,0.01020408163265306,0.16016016016016016
cycle_stop,2026-03-15 08:09:05+00:00,0.8333,0.96,1.0,0.8,0.0,0,0.000820597075989449,0.03561253561253564,0.01020408163265306,0.5315315315315315
cycle_stop,2026-03-15 08:09:06+00:00,0.8333,0.96,1.0,0.8,0.0,0,0.0008194241905753133,0.029914529914529937,0.01020408163265306,0.7767767767767768
cycle_stop,2026-03-15 08:09:07+00:00,0.8333,0.96,1.0,0.8,0.0,0,0.000804705006295764,0.024216524216524236,0.0,0.0
cycle_stop,2026-03-15 08:09:08+00:00,0.8333,0.96,1.0,0.8,0.0,0,0.0008100728834348009,0.017094017094017106,0.01020408163265306,0.9159159159159159
cycle_stop,2026-03-15 08:09:09+00:00,0.8333,0.96,1.0,0.8,0.0,0,0.0008133640031388142,0.01566951566951568,0.01020408163265306,0.3923923923923924
cycle_stop,2026-03-15 08:09:10+00:00,0.8333,0.96,1.0,0.8,0.0,0,0.0008239470473375896,0.03846153846153849,0.030612244897959183,0.29929929929929927
cycle_stop,2026-03-15 08:09:11+00:00,0.8333,0.96,1.0,0.8,0.0,0,0.0008161220603487984,0.027065527065527086,0.0,1.0
cycle_stop,2026-03-15 08:09:12+00:00,0.8333,0.96,1.0,0.8,0.0,0,0.0008570690297784074,0.018518518518518535,0.01020408163265306,0.008008008008008004
cycle_stop,2026-03-15 08:09:13+00:00,0.8333,0.96,1.0,0.8,0.0,0,0.0008093463095825247,0.021367521367521385,0.030612244897959183,0.6836836836836837
cycle_stop,2026-03-15 08:09:14+00:00,0.8333,0.96,1.0,0.8,0.0,0,0.0008096356948093535,0.024216524216524236,0.01020408163265306,0.6246246246246245
cycle_stop,2026-03-15 08:09:15+00:00,0.8333,0.96,1.0,0.8,0.0,1,0.0008156083688233019,0.03418803418803421,0.030612244897959183,0.06706706706706704
cycle_stop,2026-03-15 08:09:16+00:00,0.8333,0.96,1.0,0.8,0.0,1,0.0008120506290195282,0.021367521367521385,0.0,1.0
cycle_stop,2026-03-15 08:09:17+00:00,0.8333,0.96,1.0,0.8,0.0,1,0.000805259806471687,0.027065527065527086,0.01020408163265306,0.24024024024024024
cycle_stop,2026-03-15 08:09:18+00:00,0.8333,0.96,1.0,0.8,0.0,0,0.0008349008030571749,0.024216524216524236,0.030612244897959183,0.4514514514514515
cycle_stop,2026-03-15 08:09:19+00:00,0.8333,0.96,1.0,0.8,0.0,0,0.0008138179209189305,0.011396011396011405,0.01020408163265306,0.8568568568568569
cycle_stop,2026-03-15 08:09:20+00:00,0.8333,0.96,1.0,0.8,0.0,0,0.0008108005928690118,0.00997150997150998,0.0,0.0
cycle_stop,2026-03-15 08:09:21+00:00,0.8333,0.96,1.0,0.8,0.0,0,0.0008186860217666296,0.021367521367521385,0.030612244897959183,0.8358358358358359
cycle_stop,2026-03-15 08:09:22+00:00,0.8333,0.96,1.0,0.8,0.0,0,0.0008170413447036417,0.014245014245014256,0.01020408163265306,0.4724724724724725
cycle_stop,2026-03-15 08:09:23+00:00,0.8333,0.96,1.0,0.8,0.0,0,0.0008084328749877354,0.011396011396011405,0.030612244897959183,0.21921921921921922
cycle_stop,2026-03-15 08:09:24+00:00,0.8333,0.96,1.0,0.8,0.0,0,0.0008058081360174165,0.01994301994301996,0.0,1.0
cycle_stop,2026-03-15 08:09:25+00:00,0.8333,0.96,1.0,0.8,0.0,0,0.0008231581057656782,0.01994301994301996,0.01020408163265306,0.08808808808808806
cycle_stop,2026-03-15 08:09:26+00:00,0.8333,0.96,1.0,0.8,0.0,0,0.0008178810863899232,0.021367521367521385,0.030612244897959183,0.6036036036036035
cycle_stop,2026-03-15 08:09:27+00:00,0.8333,0.96,1.0,0.8,0.0,0,0.0008147744699296837,0.024216524216524236,0.01020408163265306,0.7047047047047047
cycle_stop,2026-03-15 08:09:28+00:00,0.8333,0.96,1.0,0.8,0.0,0,0.0008168423902443484,0.01566951566951568,0.0,0.0
cycle_stop,2026-03-15 08:09:29+00:00,0.8333,0.96,1.0,0.8,0.0,0,0.0008155443456223583,0.021367521367521385,0.01020408163265306,0.987987987987988
cycle_stop,2026-03-15 08:09:30+00:00,0.8333,0.96,1.0,0.8,0.0,0,0.0008099996092542469,0.017094017094017106,0.01020408163265306,0.3203203203203203
cycle_stop,2026-03-15 08:09:31+00:00,0.8333,0.96,1.0,0.8,0.0,0,0.0008154941123610163,0.027065527065527086,0.030612244897959183,0.3713713713713714
cycle_stop,2026-03-15 08:09:32+00:00,0.8333,0.96,1.0,0.8,0.0,0,0.000815260386769435,0.017094017094017106,0.01020408163265306,0.9369369369369369
cycle_stop,2026-03-15 08:09:33+00:00,0.8333,0.96,1.0,0.8,0.0,0,0.0008200342339697774,0.01282051282051283,0.0,0.0
cycle_stop,2026-03-15 08:09:34+00:00,0.8333,0.96,1.0,0.8,0.0,0,0.0008237052801570305,0.01566951566951568,0.030612244897959183,0.7557557557557557
cycle_stop,2026-03-15 08:09:35+00:00,0.8333,0.96,1.0,0.8,0.0,0,0.0008082500727058634,0.03276353276353279,0.01020408163265306,0.5525525525525525
cycle_stop,2026-03-15 08:09:36+00:00,0.8333,0.96,1.0,0.8,0.0,0,0.0008258733497527588,0.01282051282051283,0.030612244897959183,0.13913913913913914
cycle_stop,2026-03-15 08:09:37+00:00,0.8333,0.96,1.0,0.8,0.0,0,0.0008148928435730166,0.014245014245014256,0.0,1.0
cycle_stop,2026-03-15 08:09:38+00:00,0.8333,0.96,1.0,0.8,0.0,0,0.0008216552275542222,0.018518518518518535,0.01020408163265306,0.16816816816816815
cycle_stop,2026-03-15 08:09:39+00:00,0.8333,0.96,1.0,0.8,0.0,0,0.0008105099336751688,0.01566951566951568,0.030612244897959183,0.5235235235235235
cycle_stop,2026-03-15 08:09:40+00:00,0.8333,0.96,1.0,0.8,0.0,0,0.0008120703058767835,0.008547008547008553,0.01020408163265306,0.7847847847847848
cycle_stop,2026-03-15 08:09:41+00:00,0.8333,0.96,1.0,0.8,0.0,0,0.0008148650329565644,0.008547008547008553,0.0,0.0
cycle_stop,2026-03-15 08:09:42+00:00,0.8333,0.96,1.0,0.8,0.0,1,0.0008170147204697362,0.029914529914529937,0.030612244897959183,0.907907907907908
cycle_stop,2026-03-15 08:09:43+00:00,0.8333,0.96,1.0,0.8,0.0,1,0.0008161959422097502,0.021367521367521385,0.01020408163265306,0.4004004004004004
cycle_stop,2026-03-15 08:09:44+00:00,0.8333,0.96,1.0,0.8,0.0,1,0.0008087544929739833,0.005698005698005703,0.030612244897959183,0.2912912912912913
cycle_stop,2026-03-15 08:09:45+00:00,0.8333,0.96,1.0,0.8,0.0,0,0.0008105032613960682,0.01566951566951568,0.0,1.0
cycle_stop,2026-03-15 08:09:46+00:00,0.8333,0.96,1.0,0.8,0.0,0,0.0008063800409079665,0.018518518518518535,0.01020408163265306,0.01601601601601601
cycle_stop,2026-03-15 08:09:47+00:00,0.8333,0.96,1.0,0.8,0.0,0,0.0008117887249338801,0.005698005698005703,0.030612244897959183,0.6756756756756757
cycle_stop,2026-03-15 08:09:48+00:00,0.8333,0.96,1.0,0.8,0.0,0,0.0008210794027590306,0.021367521367521385,0.01020408163265306,0.6326326326326326
cycle_stop,2026-03-15 08:09:49+00:00,0.8333,0.96,1.0,0.8,0.0,0,0.0008123636313838583,0.01566951566951568,0.01020408163265306,0.05905905905905904
cycle_stop,2026-03-15 08:09:50+00:00,0.8333,0.96,1.0,0.8,0.0,0,0.0008127436837206632,0.03133903133903136,0.0,1.0
cycle_stop,2026-03-15 08:09:51+00:00,0.8333,0.96,1.0,0.8,0.0,0,0.00080889708306499,0.021367521367521385,0.01020408163265306,0.24824824824824826
cycle_stop,2026-03-15 08:09:52+00:00,0.8333,0.96,1.0,0.8,0.0,0,0.0008150825790906358,0.01994301994301996,0.01020408163265306,0.44344344344344344
cycle_stop,2026-03-15 08:09:53+00:00,0.8333,0.96,1.0,0.8,0.0,0,0.0008236516711309129,0.011396011396011405,0.01020408163265306,0.8648648648648649
cycle_stop,2026-03-15 08:09:54+00:00,0.8333,0.96,1.0,0.8,0.0,0,0.0008119126118642331,0.02564102564102566,0.0,0.0
cycle_stop,2026-03-15 08:09:55+00:00,0.8333,0.96,1.0,0.8,0.0,0,0.0008112617661250796,0.04273504273504277,0.030612244897959183,0.8278278278278279
cycle_stop,2026-03-15 08:09:56+00:00,0.8333,0.96,1.0,0.8,0.0,0,0.0008209336971881027,0.01282051282051283,0.01020408163265306,0.4804804804804805
cycle_stop,2026-03-15 08:09:57+00:00,0.8333,0.96,1.0,0.8,0.0,0,0.0008140092099509766,0.02849002849002851,0.01020408163265306,0.21121121121121122
cycle_stop,2026-03-15 08:09:58+00:00,0.8333,0.96,1.0,0.8,0.0,0,0.0008067700994033002,0.02279202279202281,0.0,1.0
cycle_stop,2026-03-15 08:09:59+00:00,0.8333,0.96,1.0,0.8,0.0,0,0.0008123057011380994,0.02279202279202281,0.01020408163265306,0.09609609609609607
cycle_stop,2026-03-15 08:10:00+00:00,0.8333,0.96,1.0,0.8,0.0,0,0.0008140444135645196,0.03133903133903136,0.030612244897959183,0.5955955955955956
cycle_stop,2026-03-15 08:10:01+00:00,0.8333,0.96,1.0,0.8,0.0,0,0.0008128541236609504,0.0042735042735042765,0.01020408163265306,0.7127127127127127
cycle_stop,2026-03-15 08:10:02+00:00,0.8333,0.96,1.0,0.8,0.0,0,0.0007992707827877574,0.017094017094017106,0.0,0.0
cycle_stop,2026-03-15 08:10:03+00:00,0.8333,0.96,1.0,0.8,0.0,0,0.0008171718088288885,0.00997150997150998,0.01020408163265306,0.97997997997998
cycle_stop,2026-03-15 08:10:04+00:00,0.8333,0.96,1.0,0.8,0.0,0,0.0008088214103493866,0.014245014245014256,0.01020408163265306,0.3283283283283283
cycle_stop,2026-03-15 08:10:05+00:00,0.8333,0.96,1.0,0.8,0.0,0,0.0008237374697450669,0.017094017094017106,0.01020408163265306,0.3633633633633634
cycle_stop,2026-03-15 08:10:06+00:00,0.8333,0.96,1.0,0.8,0.0,0,0.0008084107656754078,0.03276353276353279,0.01020408163265306,0.944944944944945
cycle_stop,2026-03-15 08:10:07+00:00,0.8333,0.96,1.0,0.8,0.0,0,0.000810715991761557,0.02564102564102566,0.0,0.0
cycle_stop,2026-03-15 08:10:08+00:00,0.8333,0.96,1.0,0.8,0.0,0,0.0008175471121798291,0.011396011396011405,0.01020408163265306,0.7477477477477478
cycle_stop,2026-03-15 08:10:09+00:00,0.8333,0.96,1.0,0.8,0.0,0,0.0008109295776106952,0.008547008547008553,0.01020408163265306,0.5605605605605606
cycle_stop,2026-03-15 08:10:10+00:00,0.8333,0.96,1.0,0.8,0.0,0,0.0008190516173592089,0.005698005698005703,0.01020408163265306,0.13113113113113112
cycle_stop,2026-03-15 08:10:11+00:00,0.8333,0.96,1.0,0.8,0.0,0,0.0008142881504415054,0.021367521367521385,0.0,1.0
cycle_stop,2026-03-15 08:10:12+00:00,0.8333,0.96,1.0,0.8,0.0,0,0.0008029131609637887,0.02849002849002851,0.01020408163265306,0.17617617617617615
cycle_stop,2026-03-15 08:10:13+00:00,0.8333,0.96,1.0,0.8,0.0,0,0.0008127690756569714,0.018518518518518535,0.01020408163265306,0.5155155155155156
cycle_stop,2026-03-15 08:10:14+00:00,0.8333,0.96,1.0,0.8,0.0,0,0.0008236598658361635,0.03418803418803421,0.01020408163265306,0.7927927927927928
cycle_stop,2026-03-15 08:10:15+00:00,0.8333,0.96,1.0,0.8,0.0,0,0.0008043145840372945,0.008547008547008553,0.0,0.0
cycle_stop,2026-03-15 08:10:16+00:00,0.8333,0.96,1.0,0.8,0.0,0,0.0008268603541699502,0.00997150997150998,0.01020408163265306,0.8998998998998999
cycle_stop,2026-03-15 08:10:17+00:00,0.8333,0.96,1.0,0.8,0.0,0,0.0008149464798488398,0.018518518518518535,0.0,1.0
estop_activated,2026-03-15 08:08:17+00:00,0.5,0.1333,1.0,0.0667,0.0,0,1.4815666126801352e-05,0.007122507122507128,1.0,0.0
estop_activated,2026-03-15 08:08:18+00:00,0.5,0.1333,1.0,0.0667,0.0,0,1.5944089549093897e-05,0.017094017094017106,0.01020408163265306,0.6196196196196195
estop_activated,2026-03-15 08:08:19+00:00,0.5,0.1333,1.0,0.0667,0.0,0,1.496044636684275e-05,0.0014245014245014257,0.01020408163265306,0.6886886886886887
estop_activated,2026-03-15 08:08:20+00:00,0.5,0.1333,1.0,0.0667,0.0,0,1.7841517006466163e-05,0.01566951566951568,0.0,0.003503503503503502
estop_activated,2026-03-15 08:08:21+00:00,0.5,0.1333,1.0,0.0667,0.0,0,2.5817448757421255e-05,0.03418803418803421,0.01020408163265306,1.0
estop_activated,2026-03-15 08:08:22+00:00,0.5,0.1333,1.0,0.0667,0.0,0,2.165493643070364e-05,0.024216524216524236,0.01020408163265306,0.3043043043043043
estop_activated,2026-03-15 08:08:23+00:00,0.5,0.1333,1.0,0.0667,0.0,0,2.1528915401265797e-05,0.011396011396011405,0.01020408163265306,0.38738738738738737
estop_activated,2026-03-15 08:08:24+00:00,0.5,0.1333,1.0,0.0667,0.0,0,2.2266235574116675e-05,0.01566951566951568,0.01020408163265306,0.9209209209209209
estop_activated,2026-03-15 08:08:25+00:00,0.5,0.1333,1.0,0.0667,0.0,0,2.7324214277173687e-05,0.007122507122507128,0.0,0.0
estop_activated,2026-03-15 08:08:26+00:00,0.5,0.1333,1.0,0.0667,0.0,0,3.317163580815601e-05,0.007122507122507128,0.01020408163265306,0.7717717717717718
estop_activated,2026-03-15 08:08:27+00:00,0.5,0.1333,1.0,0.0667,0.0,0,2.765114847095497e-05,0.017094017094017106,0.01020408163265306,0.5365365365365365
estop_activated,2026-03-15 08:08:28+00:00,0.5,0.1333,1.0,0.0667,0.0,0,6.673783766079362e-05,0.011396011396011405,0.01020408163265306,0.15515515515515516
estop_activated,2026-03-15 08:08:29+00:00,0.5,0.1333,1.0,0.0667,0.0,0,2.3519320357963115e-05,0.017094017094017106,0.0,1.0
estop_activated,2026-03-15 08:08:30+00:00,0.5,0.1333,1.0,0.0667,0.0,0,2.671255272246411e-05,0.0014245014245014257,0.01020408163265306,0.15215215215215214
estop_activated,2026-03-15 08:08:31+00:00,0.5,0.1333,1.0,0.0667,0.0,0,2.4574307240915163e-05,0.02279202279202281,0.01020408163265306,0.5395395395395395
estop_activated,2026-03-15 08:08:32+00:00,0.5,0.1333,1.0,0.0667,0.0,0,2.4437047083705106e-05,0.011396011396011405,0.01020408163265306,0.7687687687687688
estop_activated,2026-03-15 08:08:33+00:00,0.5,0.1333,1.0,0.0667,0.0,0,2.523278744433753e-05,0.01994301994301996,0.0,0.0
estop_activated,2026-03-15 08:08:34+00:00,0.5,0.1333,1.0,0.0667,0.0,0,1.9341022042973153e-05,0.03133903133903136,0.01020408163265306,0.923923923923924
estop_activated,2026-03-15 08:08:35+00:00,0.5,0.1333,1.0,0.0667,0.0,0,1.6479708969916682e-05,0.017094017094017106,0.01020408163265306,0.3843843843843844
estop_activated,2026-03-15 08:08:36+00:00,0.5,0.1333,1.0,0.0667,0.0,0,1.2201428897477804e-05,0.01282051282051283,0.01020408163265306,0.30730730730730726
estop_activated,2026-03-15 08:08:37+00:00,0.5,0.1333,1.0,0.0667,0.0,0,0.0414538422752109,0.10826210826210828,0.0,0.9984984984984985
estop_activated,2026-03-15 08:08:38+00:00,0.5,0.1333,1.0,0.0667,0.0,0,0.04813866510038552,0.1481481481481482,0.01020408163265306,0.002002002002002001
estop_activated,2026-03-15 08:08:39+00:00,0.5,0.1333,1.0,0.0667,0.0,0,0.05872668752625461,0.15954415954415951,0.01020408163265306,0.6916916916916918
estop_activated,2026-03-15 08:08:40+00:00,0.5,0.1333,1.0,0.0667,0.0,0,0.0011852761586881263,0.02279202279202281,0.01020408163265306,0.6166166166166166
estop_activated,2026-03-15 08:08:41+00:00,0.5,0.1333,1.0,0.0667,0.0,0,1.529458968628634e-05,0.01994301994301996,0.01020408163265306,0.07507507507507505
estop_activated,2026-03-15 08:08:42+00:00,0.5,0.1333,1.0,0.0667,0.0,0,7.730424263169649e-06,0.024216524216524236,0.0,1.0
estop_activated,2026-03-15 08:08:43+00:00,0.5,0.1333,1.0,0.0667,0.0,0,1.8353760581161276e-06,0.011396011396011405,0.01020408163265306,0.23223223223223224
estop_activated,2026-03-15 08:08:44+00:00,0.5,0.1333,1.0,0.0667,0.0,0,5.421795419366691e-07,0.018518518518518535,0.01020408163265306,0.4594594594594595
estop_activated,2026-03-15 08:08:45+00:00,0.5,0.1333,1.0,0.0667,0.0,0,0.0,0.01566951566951568,0.01020408163265306,0.8488488488488489
estop_activated,2026-03-15 08:08:46+00:00,0.5,0.1333,1.0,0.0667,0.0,0,2.5171516704578497e-06,0.01566951566951568,0.0,0.0
estop_activated,2026-03-15 08:08:47+00:00,0.5,0.1333,1.0,0.0667,0.0,0,2.704589273292485e-06,0.011396011396011405,0.01020408163265306,0.8438438438438439
estop_activated,2026-03-15 08:08:48+00:00,0.5,0.1333,1.0,0.0667,0.0,0,4.795539695967208e-06,0.007122507122507128,0.01020408163265306,0.4644644644644645
estop_activated,2026-03-15 08:08:49+00:00,0.5,0.1333,1.0,0.0667,0.0,0,5.410390523031299e-06,0.005698005698005703,0.030612244897959183,0.22722722722722724
estop_activated,2026-03-15 08:08:50+00:00,0.5,0.1333,1.0,0.0667,0.0,0,5.409464314027766e-06,0.008547008547008553,0.0,1.0
estop_activated,2026-03-15 08:08:51+00:00,0.5,0.1333,1.0,0.0667,0.0,0,7.033671831482815e-06,0.014245014245014256,0.01020408163265306,0.08008008008008005
estop_activated,2026-03-15 08:08:52+00:00,0.5,0.1333,1.0,0.0667,0.0,0,0.07471931140474153,0.2962962962962963,0.030612244897959183,0.6116116116116116
estop_activated,2026-03-15 08:08:53+00:00,0.5,0.1333,1.0,0.0667,0.0,0,0.05912912264457441,0.11680911680911682,0.01020408163265306,0.6966966966966968
estop_activated,2026-03-15 08:08:54+00:00,0.5,0.1333,1.0,0.0667,0.0,0,1.642699588865569e-05,0.014245014245014256,0.0,0.0
estop_activated,2026-03-15 08:08:55+00:00,0.5,0.1333,1.0,0.0667,0.0,0,1.1438877652216137e-05,0.014245014245014256,0.01020408163265306,0.995995995995996
estop_activated,2026-03-15 08:08:56+00:00,0.5,0.1333,1.0,0.0667,0.0,0,1.3254645815528395e-05,0.011396011396011405,0.01020408163265306,0.31231231231231227
estop_activated,2026-03-15 08:08:57+00:00,0.5,0.1333,1.0,0.0667,0.0,0,1.395922268133239e-05,0.017094017094017106,0.01020408163265306,0.3793793793793794
estop_activated,2026-03-15 08:08:58+00:00,0.5,0.1333,1.0,0.0667,0.0,0,1.4877782392292402e-05,0.0028490028490028513,0.01020408163265306,0.928928928928929
estop_activated,2026-03-15 08:08:59+00:00,0.5,0.1333,1.0,0.0667,0.0,0,1.654268282781746e-05,0.03133903133903136,0.0,0.0
estop_activated,2026-03-15 08:09:00+00:00,0.5,0.1333,1.0,0.0667,0.0,0,1.7020982979830545e-05,0.0028490028490028513,0.01020408163265306,0.7637637637637638
estop_activated,2026-03-15 08:09:01+00:00,0.5,0.1333,1.0,0.0667,0.0,0,1.4828441140109333e-05,0.02849002849002851,0.01020408163265306,0.5445445445445445
estop_activated,2026-03-15 08:09:02+00:00,0.5,0.1333,1.0,0.0667,0.0,0,1.597030865503739e-05,0.024216524216524236,0.030612244897959183,0.14714714714714713
estop_activated,2026-03-15 08:09:03+00:00,0.5,0.1333,1.0,0.0667,0.0,0,0.029433135984999585,0.011396011396011405,0.0,1.0
estop_activated,2026-03-15 08:09:04+00:00,0.5,0.1333,1.0,0.0667,0.0,0,0.00018517212297795274,0.008547008547008553,0.01020408163265306,0.16016016016016016
estop_activated,2026-03-15 08:09:05+00:00,0.5,0.1333,1.0,0.0667,0.0,0,0.0036879730935662066,0.00997150997150998,0.01020408163265306,0.5315315315315315
estop_activated,2026-03-15 08:09:06+00:00,0.5,0.1333,1.0,0.0667,0.0,0,0.0007728544983499295,0.01566951566951568,0.01020408163265306,0.7767767767767768
estop_activated,2026-03-15 08:09:07+00:00,0.5,0.1333,1.0,0.0667,0.0,0,1.2841050396703501e-05,0.01566951566951568,0.0,0.0
estop_activated,2026-03-15 08:09:08+00:00,0.5,0.1333,1.0,0.0667,0.0,0,0.007863238116289094,0.008547008547008553,0.01020408163265306,0.9159159159159159
estop_activated,2026-03-15 08:09:09+00:00,0.5,0.1333,1.0,0.0667,0.0,0,1.0884380990997526e-05,0.02849002849002851,0.01020408163265306,0.3923923923923924
estop_activated,2026-03-15 08:09:10+00:00,0.5,0.1333,1.0,0.0667,0.0,0,1.09582907045915e-05,0.01282051282051283,0.030612244897959183,0.29929929929929927
estop_activated,2026-03-15 08:09:11+00:00,0.5,0.1333,1.0,0.0667,0.0,0,0.0020607492355983097,0.01282051282051283,0.0,1.0
estop_activated,2026-03-15 08:09:12+00:00,0.5,0.1333,1.0,0.0667,0.0,0,1.2770941234284841e-05,0.03276353276353279,0.01020408163265306,0.008008008008008004
estop_activated,2026-03-15 08:09:13+00:00,0.5,0.1333,1.0,0.0667,0.0,0,1.0243221666766026e-05,0.017094017094017106,0.030612244897959183,0.6836836836836837
estop_activated,2026-03-15 08:09:14+00:00,0.5,0.1333,1.0,0.0667,0.0,0,6.850527675951735e-06,0.02849002849002851,0.01020408163265306,0.6246246246246245
estop_activated,2026-03-15 08:09:15+00:00,0.5,0.1333,1.0,0.0667,0.0,0,9.160758791604118e-06,0.03988603988603992,0.030612244897959183,0.06706706706706704
estop_activated,2026-03-15 08:09:16+00:00,0.5,0.1333,1.0,0.0667,0.0,0,1.2181589400180584e-05,0.007122507122507128,0.0,1.0
estop_activated,2026-03-15 08:09:17+00:00,0.5,0.1333,1.0,0.0667,0.0,0,1.2059748273507791e-05,0.018518518518518535,0.01020408163265306,0.24024024024024024
estop_activated,2026-03-15 08:09:18+00:00,0.5,0.1333,1.0,0.0667,0.0,0,8.661620823573384e-06,0.03133903133903136,0.030612244897959183,0.4514514514514515
estop_activated,2026-03-15 08:09:19+00:00,0.5,0.1333,1.0,0.0667,0.0,0,6.070334210903336e-06,0.01282051282051283,0.01020408163265306,0.8568568568568569
estop_activated,2026-03-15 08:09:20+00:00,0.5,0.1333,1.0,0.0667,0.0,0,3.711664554738408e-06,0.011396011396011405,0.0,0.0
estop_activated,2026-03-15 08:09:21+00:00,0.5,0.1333,1.0,0.0667,0.0,0,0.004360051623103606,0.03418803418803421,0.030612244897959183,0.8358358358358359
estop_activated,2026-03-15 08:09:22+00:00,0.5,0.1333,1.0,0.0667,0.0,0,8.342153383795756e-06,0.017094017094017106,0.01020408163265306,0.4724724724724725
estop_activated,2026-03-15 08:09:23+00:00,0.5,0.1333,1.0,0.0667,0.0,0,0.00021712596053752352,0.0028490028490028513,0.030612244897959183,0.21921921921921922
estop_activated,2026-03-15 08:09:24+00:00,0.5,0.1333,1.0,0.0667,0.0,0,0.0002269767965403071,0.017094017094017106,0.0,1.0
estop_activated,2026-03-15 08:09:25+00:00,0.5,0.1333,1.0,0.0667,0.0,0,0.005681658910258217,0.014245014245014256,0.01020408163265306,0.08808808808808806
estop_activated,2026-03-15 08:09:26+00:00,0.5,0.1333,1.0,0.0667,0.0,0,3.0163985219562537e-06,0.02564102564102566,0.030612244897959183,0.6036036036036035
estop_activated,2026-03-15 08:09:27+00:00,0.5,0.1333,1.0,0.0667,0.0,0,0.07595270430635585,0.014245014245014256,0.01020408163265306,0.7047047047047047
estop_activated,2026-03-15 08:09:28+00:00,0.5,0.1333,1.0,0.0667,0.0,0,0.0018511460314294377,0.014245014245014256,0.0,0.0
estop_activated,2026-03-15 08:09:29+00:00,0.5,0.1333,1.0,0.0667,0.0,0,6.8168289194592054e-06,0.005698005698005703,0.01020408163265306,0.987987987987988
estop_activated,2026-03-15 08:09:30+00:00,0.5,0.1333,1.0,0.0667,0.0,0,7.11218233919178e-05,0.014245014245014256,0.01020408163265306,0.3203203203203203
estop_activated,2026-03-15 08:09:31+00:00,0.5,0.1333,1.0,0.0667,0.0,0,0.009488296659784979,0.027065527065527086,0.030612244897959183,0.3713713713713714
estop_activated,2026-03-15 08:09:32+00:00,0.5,0.1333,1.0,0.0667,0.0,0,8.897060054292446e-06,0.011396011396011405,0.01020408163265306,0.9369369369369369
estop_activated,2026-03-15 08:09:33+00:00,0.5,0.1333,1.0,0.0667,0.0,0,1.1226176016475064e-05,0.018518518518518535,0.0,0.0
estop_activated,2026-03-15 08:09:34+00:00,0.5,0.1333,1.0,0.0667,0.0,0,0.005506660793149382,0.03133903133903136,0.030612244897959183,0.7557557557557557
estop_activated,2026-03-15 08:09:35+00:00,0.5,0.1333,1.0,0.0667,0.0,0,0.015075828852582322,0.01566951566951568,0.01020408163265306,0.5525525525525525
estop_activated,2026-03-15 08:09:36+00:00,0.5,0.1333,1.0,0.0667,0.0,0,0.3601312174180586,0.024216524216524236,0.030612244897959183,0.13913913913913914
estop_activated,2026-03-15 08:09:37+00:00,0.5,0.1333,1.0,0.0667,0.0,0,0.27943379528299467,0.01566951566951568,0.0,1.0
estop_activated,2026-03-15 08:09:38+00:00,0.5,0.1333,1.0,0.0667,0.0,0,0.185921328046602,0.09116809116809116,0.01020408163265306,0.16816816816816815
estop_activated,2026-03-15 08:09:39+00:00,0.5,0.1333,1.0,0.0667,0.0,0,0.1260304082595278,0.22364672364672367,0.030612244897959183,0.5235235235235235
estop_activated,2026-03-15 08:09:40+00:00,0.5,0.1333,1.0,0.0667,0.0,0,0.004299635602359964,0.02849002849002851,0.01020408163265306,0.7847847847847848
estop_activated,2026-03-15 08:09:41+00:00,0.5,0.1333,1.0,0.0667,0.0,0,0.0008495787961746923,0.017094017094017106,0.0,0.0
estop_activated,2026-03-15 08:09:42+00:00,0.5,0.1333,1.0,0.0667,0.0,0,0.00037111177203405765,0.018518518518518535,0.030612244897959183,0.907907907907908
estop_activated,2026-03-15 08:09:43+00:00,0.5,0.1333,1.0,0.0667,0.0,0,0.0001562291834948219,0.01566951566951568,0.01020408163265306,0.4004004004004004
estop_activated,2026-03-15 08:09:44+00:00,0.5,0.1333,1.0,0.0667,0.0,0,5.938881505082119e-05,0.008547008547008553,0.030612244897959183,0.2912912912912913
estop_activated,2026-03-15 08:09:45+00:00,0.5,0.1333,1.0,0.0667,0.0,0,2.5063997231078917e-05,0.0042735042735042765,0.0,1.0
estop_activated,2026-03-15 08:09:46+00:00,0.5,0.1333,1.0,0.0667,0.0,0,0.0021010964599949846,0.01566951566951568,0.01020408163265306,0.01601601601601601
estop_activated,2026-03-15 08:09:47+00:00,0.5,0.1333,1.0,0.0667,0.0,0,0.09526684484743593,0.0498575498575499,0.030612244897959183,0.6756756756756757
estop_activated,2026-03-15 08:09:48+00:00,0.5,0.1333,1.0,0.0667,0.0,0,0.0018786837722444265,0.018518518518518535,0.01020408163265306,0.6326326326326326
estop_activated,2026-03-15 08:09:49+00:00,0.5,0.1333,1.0,0.0667,0.0,0,0.0024046919810484036,0.008547008547008553,0.01020408163265306,0.05905905905905904
estop_activated,2026-03-15 08:09:50+00:00,0.5,0.1333,1.0,0.0667,0.0,0,0.003871480150495482,0.01282051282051283,0.0,1.0
estop_activated,2026-03-15 08:09:51+00:00,0.5,0.1333,1.0,0.0667,0.0,0,0.003520919752621211,0.01566951566951568,0.01020408163265306,0.24824824824824826
estop_activated,2026-03-15 08:09:52+00:00,0.5,0.1333,1.0,0.0667,0.0,0,0.006619845371237142,0.02564102564102566,0.01020408163265306,0.44344344344344344
estop_activated,2026-03-15 08:09:53+00:00,0.5,0.1333,1.0,0.0667,0.0,0,0.005193039700781005,0.0,0.01020408163265306,0.8648648648648649
estop_activated,2026-03-15 08:09:54+00:00,0.5,0.1333,1.0,0.0667,0.0,0,0.0051398032199003905,0.021367521367521385,0.0,0.0
estop_activated,2026-03-15 08:09:55+00:00,0.5,0.1333,1.0,0.0667,0.0,0,0.10234487695011167,0.17236467236467234,0.030612244897959183,0.8278278278278279
estop_activated,2026-03-15 08:09:56+00:00,0.5,0.1333,1.0,0.0667,0.0,0,0.18250164671282498,1.0,0.01020408163265306,0.4804804804804805
estop_activated,2026-03-15 08:09:57+00:00,0.5,0.1333,1.0,0.0667,0.0,0,0.15320203367503382,0.014245014245014256,0.01020408163265306,0.21121121121121122
estop_activated,2026-03-15 08:09:58+00:00,0.5,0.1333,1.0,0.0667,0.0,0,0.03519348751552278,0.018518518518518535,0.0,1.0
estop_activated,2026-03-15 08:09:59+00:00,0.5,0.1333,1.0,0.0667,0.0,0,0.019389152487453973,0.01994301994301996,0.01020408163265306,0.09609609609609607
estop_activated,2026-03-15 08:10:00+00:00,0.5,0.1333,1.0,0.0667,0.0,0,0.009988700886713293,0.00997150997150998,0.030612244897959183,0.5955955955955956
estop_activated,2026-03-15 08:10:01+00:00,0.5,0.1333,1.0,0.0667,0.0,0,0.005116458788402561,0.011396011396011405,0.01020408163265306,0.7127127127127127
estop_activated,2026-03-15 08:10:02+00:00,0.5,0.1333,1.0,0.0667,0.0,0,0.0025888370234994286,0.02849002849002851,0.0,0.0
estop_activated,2026-03-15 08:10:03+00:00,0.5,0.1333,1.0,0.0667,0.0,0,0.0012987211289784834,0.04273504273504277,0.01020408163265306,0.97997997997998
estop_activated,2026-03-15 08:10:04+00:00,0.5,0.1333,1.0,0.0667,0.0,0,0.0006470294649581435,0.018518518518518535,0.01020408163265306,0.3283283283283283
estop_activated,2026-03-15 08:10:05+00:00,0.5,0.1333,1.0,0.0667,0.0,0,0.0002914426209650091,0.00997150997150998,0.01020408163265306,0.3633633633633634
estop_activated,2026-03-15 08:10:06+00:00,0.5,0.1333,1.0,0.0667,0.0,0,0.00012519358564690627,0.00997150997150998,0.01020408163265306,0.944944944944945
estop_activated,2026-03-15 08:10:07+00:00,0.5,0.1333,1.0,0.0667,0.0,0,5.636398767141914e-05,0.017094017094017106,0.0,0.0
estop_activated,2026-03-15 08:10:08+00:00,0.5,0.1333,1.0,0.0667,0.0,0,2.434468843726458e-05,0.007122507122507128,0.01020408163265306,0.7477477477477478
estop_activated,2026-03-15 08:10:09+00:00,0.5,0.1333,1.0,0.0667,0.0,0,1.725303732155222e-05,0.027065527065527086,0.01020408163265306,0.5605605605605606
estop_activated,2026-03-15 08:10:10+00:00,0.5,0.1333,1.0,0.0667,0.0,0,1.7036443210234725e-05,0.014245014245014256,0.01020408163265306,0.13113113113113112
estop_activated,2026-03-15 08:10:11+00:00,0.5,0.1333,1.0,0.0667,0.0,0,1.4521843712609708e-05,0.02849002849002851,0.0,1.0
estop_activated,2026-03-15 08:10:12+00:00,0.5,0.1333,1.0,0.0667,0.0,0,1.1311939904135197e-05,0.014245014245014256,0.01020408163265306,0.17617617617617615
estop_activated,2026-03-15 08:10:13+00:00,0.5,0.1333,1.0,0.0667,0.0,0,1.25676160157735e-05,0.01282051282051283,0.01020408163265306,0.5155155155155156
estop_activated,2026-03-15 08:10:14+00:00,0.5,0.1333,1.0,0.0667,0.0,0,1.1307644434374904e-05,0.027065527065527086,0.01020408163265306,0.7927927927927928
estop_activated,2026-03-15 08:10:15+00:00,0.5,0.1333,1.0,0.0667,0.0,0,1.157090906126396e-05,0.01994301994301996,0.0,0.0
estop_activated,2026-03-15 08:10:16+00:00,0.5,0.1333,1.0,0.0667,0.0,0,8.369015947328524e-06,0.017094017094017106,0.01020408163265306,0.8998998998998999
estop_activated,2026-03-15 08:10:17+00:00,0.5,0.1333,1.0,0.0667,0.0,0,0.0023599011237679587,0.024216524216524236,0.0,1.0
printer_error,2026-03-15 08:24:31+00:00,1.0,0.8,0.3333,0.2667,0.0,0,0.006772249897876794,0.03561253561253564,1.0,0.0
printer_error,2026-03-15 08:24:32+00:00,1.0,0.8,0.3333,0.2667,0.0,0,0.0066629642590845415,0.04700854700854704,0.01020408163265306,0.6196196196196195
printer_error,2026-03-15 08:24:33+00:00,1.0,0.8,0.3333,0.2667,0.0,0,0.006434986362814692,0.03846153846153849,0.01020408163265306,0.6886886886886887
printer_error,2026-03-15 08:24:34+00:00,1.0,0.8,0.3333,0.2667,0.0,0,0.00622103382763703,0.04558404558404562,0.0,0.003503503503503502
printer_error,2026-03-15 08:24:35+00:00,1.0,0.8,0.3333,0.2667,0.0,0,0.006310017547127741,0.04415954415954419,0.01020408163265306,1.0
printer_error,2026-03-15 08:24:36+00:00,1.0,0.8,0.3333,0.2667,0.0,0,0.005959743210907923,0.03276353276353279,0.01020408163265306,0.3043043043043043
printer_error,2026-03-15 08:24:37+00:00,1.0,0.8,0.3333,0.2667,0.0,0,0.006044032468524363,0.03418803418803421,0.01020408163265306,0.38738738738738737
printer_error,2026-03-15 08:24:38+00:00,1.0,0.8,0.3333,0.2667,0.0,0,0.006050996981711712,0.03276353276353279,0.01020408163265306,0.9209209209209209
printer_error,2026-03-15 08:24:39+00:00,1.0,0.8,0.3333,0.2667,0.0,0,0.005767201917797036,0.04415954415954419,0.0,0.0
printer_error,2026-03-15 08:24:40+00:00,1.0,0.8,0.3333,0.2667,0.0,0,0.0060339833468859416,0.03846153846153849,0.01020408163265306,0.7717717717717718
printer_error,2026-03-15 08:24:41+00:00,1.0,0.8,0.3333,0.2667,0.0,0,0.005904943035173902,0.03846153846153849,0.01020408163265306,0.5365365365365365
printer_error,2026-03-15 08:24:42+00:00,1.0,0.8,0.3333,0.2667,0.0,0,0.005642387268437857,0.04415954415954419,0.01020408163265306,0.15515515515515516
printer_error,2026-03-15 08:24:43+00:00,1.0,0.8,0.3333,0.2667,0.0,0,0.005775128191681901,0.02279202279202281,0.0,1.0
printer_error,2026-03-15 08:24:44+00:00,1.0,0.8,0.3333,0.2667,0.0,0,0.005580862326226286,0.02849002849002851,0.01020408163265306,0.15215215215215214
printer_error,2026-03-15 08:24:45+00:00,1.0,0.8,0.3333,0.2667,0.0,0,0.005436943615594847,0.04131054131054134,0.01020408163265306,0.5395395395395395
printer_error,2026-03-15 08:24:46+00:00,1.0,0.8,0.3333,0.2667,0.0,0,0.005355487809859025,0.03703703703703707,0.01020408163265306,0.7687687687687688
printer_error,2026-03-15 08:24:47+00:00,1.0,0.8,0.3333,0.2667,0.0,0,0.005246915576584819,0.03276353276353279,0.0,0.0
printer_error,2026-03-15 08:24:48+00:00,1.0,0.8,0.3333,0.2667,0.0,0,0.005315290670719852,0.03846153846153849,0.01020408163265306,0.923923923923924
printer_error,2026-03-15 08:24:49+00:00,1.0,0.8,0.3333,0.2667,0.0,0,0.00513835835092883,0.03988603988603992,0.01020408163265306,0.3843843843843844
printer_error,2026-03-15 08:24:50+00:00,1.0,0.8,0.3333,0.2667,0.0,0,0.005051681927016585,0.03561253561253564,0.01020408163265306,0.30730730730730726
printer_error,2026-03-15 08:24:51+00:00,1.0,0.8,0.3333,0.2667,0.0,0,0.005089892215586579,0.03846153846153849,0.0,0.9984984984984985
printer_error,2026-03-15 08:24:52+00:00,1.0,0.8,0.3333,0.2667,0.0,0,0.005011983780135848,0.03418803418803421,0.01020408163265306,0.002002002002002001
printer_error,2026-03-15 08:24:53+00:00,1.0,0.8,0.3333,0.2667,0.0,0,0.004904757013311087,0.04415954415954419,0.01020408163265306,0.6916916916916918
printer_error,2026-03-15 08:24:54+00:00,1.0,0.8,0.3333,0.2667,0.0,0,0.004799701650199122,0.05270655270655275,0.01020408163265306,0.6166166166166166
printer_error,2026-03-15 08:24:55+00:00,1.0,0.8,0.3333,0.2667,0.0,0,1.0,0.17236467236467234,0.01020408163265306,0.07507507507507505
printer_error,2026-03-15 08:24:56+00:00,1.0,0.8,0.3333,0.2667,0.0,0,0.2257600235452208,0.08831908831908832,0.0,1.0
printer_error,2026-03-15 08:24:57+00:00,1.0,0.8,0.3333,0.2667,0.0,0,0.006658712380429772,0.04700854700854704,0.01020408163265306,0.23223223223223224
printer_error,2026-03-15 08:24:58+00:00,1.0,0.8,0.3333,0.2667,0.0,0,0.004083361260601501,0.02564102564102566,0.01020408163265306,0.4594594594594595
printer_error,2026-03-15 08:24:59+00:00,1.0,0.8,0.3333,0.2667,0.0,0,0.0037396913929763757,0.027065527065527086,0.01020408163265306,0.8488488488488489
printer_error,2026-03-15 08:25:00+00:00,1.0,0.8,0.3333,0.2667,0.0,0,0.0037146893492878735,0.04131054131054134,0.0,0.0
printer_error,2026-03-15 08:25:01+00:00,1.0,0.8,0.3333,0.2667,0.0,0,0.0036970220121803005,0.02849002849002851,0.01020408163265306,0.8438438438438439
printer_error,2026-03-15 08:25:02+00:00,1.0,0.8,0.3333,0.2667,0.0,0,0.0035642303979313786,0.02849002849002851,0.01020408163265306,0.4644644644644645
printer_error,2026-03-15 08:25:03+00:00,1.0,0.8,0.3333,0.2667,0.0,0,0.003548923232277223,0.03846153846153849,0.030612244897959183,0.22722722722722724
printer_error,2026-03-15 08:25:04+00:00,1.0,0.8,0.3333,0.2667,0.0,0,0.0035769080899607296,0.027065527065527086,0.0,1.0
printer_error,2026-03-15 08:25:05+00:00,1.0,0.8,0.3333,0.2667,0.0,0,0.026336018895652152,0.07834757834757833,0.01020408163265306,0.08008008008008005
printer_error,2026-03-15 08:25:06+00:00,1.0,0.8,0.3333,0.2667,0.0,0,0.003488830431206377,0.03703703703703707,0.030612244897959183,0.6116116116116116
printer_error,2026-03-15 08:25:07+00:00,1.0,0.8,0.3333,0.2667,0.0,0,0.024200265062551265,0.04843304843304847,0.01020408163265306,0.6966966966966968
printer_error,2026-03-15 08:25:08+00:00,1.0,0.8,0.3333,0.2667,0.0,0,0.0033822068864518594,0.04273504273504277,0.0,0.0
printer_error,2026-03-15 08:25:09+00:00,1.0,0.8,0.3333,0.2667,0.0,0,0.03584464981178277,0.2735042735042735,0.01020408163265306,0.995995995995996
printer_error,2026-03-15 08:25:10+00:00,1.0,0.8,0.3333,0.2667,0.0,0,0.0034971179073751716,0.05840455840455845,0.01020408163265306,0.31231231231231227
printer_error,2026-03-15 08:25:11+00:00,1.0,0.8,0.3333,0.2667,0.0,0,0.025820902171480673,0.1438746438746439,0.01020408163265306,0.3793793793793794
printer_error,2026-03-15 08:25:12+00:00,1.0,0.8,0.3333,0.2667,0.0,0,0.0033016350393699533,0.0612535612535613,0.01020408163265306,0.928928928928929
printer_error,2026-03-15 08:25:13+00:00,1.0,0.8,0.3333,0.2667,0.0,0,0.02918077524099368,0.15384615384615388,0.0,0.0
printer_error,2026-03-15 08:25:14+00:00,1.0,0.8,0.3333,0.2667,0.0,0,0.003362558748572651,0.04131054131054134,0.01020408163265306,0.7637637637637638
printer_error,2026-03-15 08:25:15+00:00,1.0,0.8,0.3333,0.2667,0.0,0,0.03664091310245579,0.22222222222222224,0.01020408163265306,0.5445445445445445
printer_error,2026-03-15 08:25:16+00:00,1.0,0.8,0.3333,0.2667,0.0,0,0.03642753470383916,0.11538461538461539,0.030612244897959183,0.14714714714714713
printer_error,2026-03-15 08:25:17+00:00,1.0,0.8,0.3333,0.2667,0.0,0,0.0033954773011452615,0.03988603988603992,0.0,1.0
printer_error,2026-03-15 08:25:18+00:00,1.0,0.8,0.3333,0.2667,0.0,0,0.003317500849235323,0.05270655270655275,0.01020408163265306,0.16016016016016016
printer_error,2026-03-15 08:25:19+00:00,1.0,0.8,0.3333,0.2667,0.0,0,0.0032319334291850466,0.04700854700854704,0.01020408163265306,0.5315315315315315
printer_error,2026-03-15 08:25:20+00:00,1.0,0.8,0.3333,0.2667,0.0,0,0.03508517239929538,0.16666666666666663,0.01020408163265306,0.7767767767767768
printer_error,2026-03-15 08:25:21+00:00,1.0,0.8,0.3333,0.2667,0.0,0,0.003224739171375571,0.03133903133903136,0.0,0.0
printer_error,2026-03-15 08:25:22+00:00,1.0,0.8,0.3333,0.2667,0.0,0,0.0031245985611508473,0.04843304843304847,0.01020408163265306,0.9159159159159159
printer_error,2026-03-15 08:25:23+00:00,1.0,0.8,0.3333,0.2667,0.0,0,0.003240880007368545,0.03561253561253564,0.01020408163265306,0.3923923923923924
printer_error,2026-03-15 08:25:24+00:00,1.0,0.8,0.3333,0.2667,0.0,0,0.0032692495619010514,0.03846153846153849,0.030612244897959183,0.29929929929929927
printer_error,2026-03-15 08:25:25+00:00,1.0,0.8,0.3333,0.2667,0.0,0,0.0031248815185220278,0.03988603988603992,0.0,1.0
printer_error,2026-03-15 08:25:26+00:00,1.0,0.8,0.3333,0.2667,0.0,0,0.003162816439702707,0.04700854700854704,0.01020408163265306,0.008008008008008004
printer_error,2026-03-15 08:25:27+00:00,1.0,0.8,0.3333,0.2667,0.0,0,0.0032341010019317764,0.03846153846153849,0.030612244897959183,0.6836836836836837
printer_error,2026-03-15 08:25:28+00:00,1.0,0.8,0.3333,0.2667,0.0,0,0.0031152439423797478,0.03846153846153849,0.01020408163265306,0.6246246246246245
printer_error,2026-03-15 08:25:29+00:00,1.0,0.8,0.3333,0.2667,0.0,0,0.0031405775903533403,0.03276353276353279,0.030612244897959183,0.06706706706706704
printer_error,2026-03-15 08:25:30+00:00,1.0,0.8,0.3333,0.2667,0.0,0,0.0031551186808386317,0.03561253561253564,0.0,1.0
printer_error,2026-03-15 08:25:31+00:00,1.0,0.8,0.3333,0.2667,0.0,0,0.003055959289517335,0.029914529914529937,0.01020408163265306,0.24024024024024024
printer_error,2026-03-15 08:25:32+00:00,1.0,0.8,0.3333,0.2667,0.0,0,0.0031093739401706834,0.03418803418803421,0.030612244897959183,0.4514514514514515
printer_error,2026-03-15 08:25:33+00:00,1.0,0.8,0.3333,0.2667,0.0,0,0.0030408451144797476,0.03276353276353279,0.01020408163265306,0.8568568568568569
printer_error,2026-03-15 08:25:34+00:00,1.0,0.8,0.3333,0.2667,0.0,0,0.016651831739547145,0.04131054131054134,0.0,0.0
printer_error,2026-03-15 08:25:35+00:00,1.0,0.8,0.3333,0.2667,0.0,0,0.04012916214893073,0.2022792022792023,0.030612244897959183,0.8358358358358359
printer_error,2026-03-15 08:25:36+00:00,1.0,0.8,0.3333,0.2667,0.0,0,0.0827903491661246,0.29772079772079774,0.01020408163265306,0.4724724724724725
printer_error,2026-03-15 08:25:37+00:00,1.0,0.8,0.3333,0.2667,0.0,0,0.09655926769897848,0.1367521367521368,0.030612244897959183,0.21921921921921922
printer_error,2026-03-15 08:25:38+00:00,1.0,0.8,0.3333,0.2667,0.0,0,0.06122652210880508,0.12393162393162395,0.0,1.0
printer_error,2026-03-15 08:25:39+00:00,1.0,0.8,0.3333,0.2667,0.0,0,0.0030142173510094867,0.029914529914529937,0.01020408163265306,0.08808808808808806
printer_error,2026-03-15 08:25:40+00:00,1.0,0.8,0.3333,0.2667,0.0,0,0.002920421139942573,0.04558404558404562,0.030612244897959183,0.6036036036036035
printer_error,2026-03-15 08:25:41+00:00,1.0,0.8,0.3333,0.2667,0.0,0,0.002963415361073781,0.04415954415954419,0.01020408163265306,0.7047047047047047
printer_error,2026-03-15 08:25:42+00:00,1.0,0.8,0.3333,0.2667,0.0,0,0.0029117607364334496,0.05413105413105417,0.0,0.0
printer_error,2026-03-15 08:25:43+00:00,1.0,0.8,0.3333,0.2667,0.0,0,0.002869209168895011,0.03988603988603992,0.01020408163265306,0.987987987987988
printer_error,2026-03-15 08:25:44+00:00,1.0,0.8,0.3333,0.2667,0.0,0,0.0029297408026505304,0.06410256410256415,0.01020408163265306,0.3203203203203203
printer_error,2026-03-15 08:25:45+00:00,1.0,0.8,0.3333,0.2667,0.0,0,0.0029386120599069043,0.03276353276353279,0.030612244897959183,0.3713713713713714
printer_error,2026-03-15 08:25:46+00:00,1.0,0.8,0.3333,0.2667,0.0,0,0.0028720031283290025,0.04131054131054134,0.01020408163265306,0.9369369369369369
printer_error,2026-03-15 08:25:47+00:00,1.0,0.8,0.3333,0.2667,0.0,0,0.002822888000148967,0.04131054131054134,0.0,0.0
printer_error,2026-03-15 08:25:48+00:00,1.0,0.8,0.3333,0.2667,0.0,0,0.002857754850450197,0.03418803418803421,0.030612244897959183,0.7557557557557557
printer_error,2026-03-15 08:25:49+00:00,1.0,0.8,0.3333,0.2667,0.0,0,0.002862854190170062,0.03846153846153849,0.01020408163265306,0.5525525525525525
printer_error,2026-03-15 08:25:50+00:00,1.0,0.8,0.3333,0.2667,0.0,0,0.0028564600481250204,0.03703703703703707,0.030612244897959183,0.13913913913913914
printer_error,2026-03-15 08:25:51+00:00,1.0,0.8,0.3333,0.2667,0.0,0,0.0027961290082428136,0.03133903133903136,0.0,1.0
printer_error,2026-03-15 08:25:52+00:00,1.0,0.8,0.3333,0.2667,0.0,0,0.0028584833148908653,0.04843304843304847,0.01020408163265306,0.16816816816816815
printer_error,2026-03-15 08:25:53+00:00,1.0,0.8,0.3333,0.2667,0.0,0,0.0027853557951037595,0.03276353276353279,0.030612244897959183,0.5235235235235235
printer_error,2026-03-15 08:25:54+00:00,1.0,0.8,0.3333,0.2667,0.0,0,0.0028660648529834024,0.029914529914529937,0.01020408163265306,0.7847847847847848
printer_error,2026-03-15 08:25:55+00:00,1.0,0.8,0.3333,0.2667,0.0,0,0.002822985678334979,0.03561253561253564,0.0,0.0
printer_error,2026-03-15 08:25:56+00:00,1.0,0.8,0.3333,0.2667,0.0,0,0.0027776122036955913,0.03703703703703707,0.030612244897959183,0.907907907907908
printer_error,2026-03-15 08:25:57+00:00,1.0,0.8,0.3333,0.2667,0.0,0,0.0027678607883409342,0.027065527065527086,0.01020408163265306,0.4004004004004004
printer_error,2026-03-15 08:25:58+00:00,1.0,0.8,0.3333,0.2667,0.0,0,0.00276547817253716,0.03846153846153849,0.030612244897959183,0.2912912912912913
printer_error,2026-03-15 08:25:59+00:00,1.0,0.8,0.3333,0.2667,0.0,0,0.0028130292152778124,0.05270655270655275,0.0,1.0
printer_error,2026-03-15 08:26:00+00:00,1.0,0.8,0.3333,0.2667,0.0,0,0.010887876307046424,0.04700854700854704,0.01020408163265306,0.01601601601601601
printer_error,2026-03-15 08:26:01+00:00,1.0,0.8,0.3333,0.2667,0.0,0,0.03771228882674682,0.07549857549857548,0.030612244897959183,0.6756756756756757
printer_error,2026-03-15 08:26:02+00:00,1.0,0.8,0.3333,0.2667,0.0,0,0.002674694181820413,0.029914529914529937,0.01020408163265306,0.6326326326326326
printer_error,2026-03-15 08:26:03+00:00,1.0,0.8,0.3333,0.2667,0.0,0,0.01726492328359224,0.03133903133903136,0.01020408163265306,0.05905905905905904
printer_error,2026-03-15 08:26:04+00:00,1.0,0.8,0.3333,0.2667,0.0,0,0.0027049164903193076,0.03846153846153849,0.0,1.0
printer_error,2026-03-15 08:26:05+00:00,1.0,0.8,0.3333,0.2667,0.0,0,0.0026772457601006543,0.03133903133903136,0.01020408163265306,0.24824824824824826
printer_error,2026-03-15 08:26:06+00:00,1.0,0.8,0.3333,0.2667,0.0,0,0.0027063976830736794,0.04843304843304847,0.01020408163265306,0.44344344344344344
printer_error,2026-03-15 08:26:07+00:00,1.0,0.8,0.3333,0.2667,0.0,0,0.002611871502194712,0.04131054131054134,0.01020408163265306,0.8648648648648649
printer_error,2026-03-15 08:26:08+00:00,1.0,0.8,0.3333,0.2667,0.0,0,0.002785094171821511,0.04558404558404562,0.0,0.0
printer_error,2026-03-15 08:26:09+00:00,1.0,0.8,0.3333,0.2667,0.0,0,0.0027409115586847998,0.0498575498575499,0.030612244897959183,0.8278278278278279
printer_error,2026-03-15 08:26:10+00:00,1.0,0.8,0.3333,0.2667,0.0,0,0.0027304623745088297,0.0555555555555556,0.01020408163265306,0.4804804804804805
printer_error,2026-03-15 08:26:11+00:00,1.0,0.8,0.3333,0.2667,0.0,0,0.0027080982813598676,0.04415954415954419,0.01020408163265306,0.21121121121121122
printer_error,2026-03-15 08:26:12+00:00,1.0,0.8,0.3333,0.2667,0.0,0,0.0026423910275537466,0.03561253561253564,0.0,1.0
printer_error,2026-03-15 08:26:13+00:00,1.0,0.8,0.3333,0.2667,0.0,0,0.035053733373635244,0.08404558404558403,0.01020408163265306,0.09609609609609607
printer_error,2026-03-15 08:26:14+00:00,1.0,0.8,0.3333,0.2667,0.0,0,0.0026123328399089885,0.04558404558404562,0.030612244897959183,0.5955955955955956
printer_error,2026-03-15 08:26:15+00:00,1.0,0.8,0.3333,0.2667,0.0,0,0.0027060728998383426,0.04131054131054134,0.01020408163265306,0.7127127127127127
printer_error,2026-03-15 08:26:16+00:00,1.0,0.8,0.3333,0.2667,0.0,0,0.0026663459569926154,0.05270655270655275,0.0,0.0
printer_error,2026-03-15 08:26:17+00:00,1.0,0.8,0.3333,0.2667,0.0,0,0.0026233016001968095,0.03988603988603992,0.01020408163265306,0.97997997997998
printer_error,2026-03-15 08:26:18+00:00,1.0,0.8,0.3333,0.2667,0.0,0,0.0025574279650005987,0.04131054131054134,0.01020408163265306,0.3283283283283283
printer_error,2026-03-15 08:26:19+00:00,1.0,0.8,0.3333,0.2667,0.0,0,0.0026311086990568203,0.03846153846153849,0.01020408163265306,0.3633633633633634
printer_error,2026-03-15 08:26:20+00:00,1.0,0.8,0.3333,0.2667,0.0,0,0.002560168109463352,0.03988603988603992,0.01020408163265306,0.944944944944945
printer_error,2026-03-15 08:26:21+00:00,1.0,0.8,0.3333,0.2667,0.0,0,0.0026096019778649652,0.04131054131054134,0.0,0.0
printer_error,2026-03-15 08:26:22+00:00,1.0,0.8,0.3333,0.2667,0.0,0,0.0026340042207979404,0.03561253561253564,0.01020408163265306,0.7477477477477478
printer_error,2026-03-15 08:26:23+00:00,1.0,0.8,0.3333,0.2667,0.0,0,0.0026141179868599067,0.03133903133903136,0.01020408163265306,0.5605605605605606
printer_error,2026-03-15 08:26:24+00:00,1.0,0.8,0.3333,0.2667,0.0,0,0.002567434614560579,0.03561253561253564,0.01020408163265306,0.13113113113113112
printer_error,2026-03-15 08:26:25+00:00,1.0,0.8,0.3333,0.2667,0.0,0,0.0025939461559561657,0.04131054131054134,0.0,1.0
printer_error,2026-03-15 08:26:26+00:00,1.0,0.8,0.3333,0.2667,0.0,0,0.0025882699985510624,0.04415954415954419,0.01020408163265306,0.17617617617617615
printer_error,2026-03-15 08:26:27+00:00,1.0,0.8,0.3333,0.2667,0.0,0,0.002585505925734873,0.04415954415954419,0.01020408163265306,0.5155155155155156
printer_error,2026-03-15 08:26:28+00:00,1.0,0.8,0.3333,0.2667,0.0,0,0.002610703549527587,0.04700854700854704,0.01020408163265306,0.7927927927927928
printer_error,2026-03-15 08:26:29+00:00,1.0,0.8,0.3333,0.2667,0.0,0,0.002570961987115756,0.04700854700854704,0.0,0.0
printer_error,2026-03-15 08:26:30+00:00,1.0,0.8,0.3333,0.2667,0.0,0,0.0025584572075389497,0.05270655270655275,0.01020408163265306,0.8998998998998999
printer_error,2026-03-15 08:26:31+00:00,1.0,0.8,0.3333,0.2667,0.0,0,0.03472667749437105,0.13960113960113962,0.0,1.0
printer_error,2026-03-15 08:26:32+00:00,1.0,0.8,0.3333,0.2667,0.0,0,0.022449472012075235,0.1381766381766382,1.0,0.0
printer_error,2026-03-15 08:26:33+00:00,1.0,0.8,0.3333,0.2667,0.0,0,0.033967557049605746,0.18518518518518517,0.01020408163265306,0.6196196196196195
printer_error,2026-03-15 08:26:34+00:00,1.0,0.8,0.3333,0.2667,0.0,0,0.019934604628946903,0.06267806267806272,0.01020408163265306,0.6886886886886887
printer_error,2026-03-15 08:26:35+00:00,1.0,0.8,0.3333,0.2667,0.0,0,0.0025266397577998947,0.0555555555555556,0.0,0.003503503503503502
printer_error,2026-03-15 08:26:36+00:00,1.0,0.8,0.3333,0.2667,0.0,0,0.00253275141642034,0.029914529914529937,0.01020408163265306,1.0
printer_error,2026-03-15 08:26:37+00:00,1.0,0.8,0.3333,0.2667,0.0,0,0.0026296074485471763,0.04700854700854704,0.01020408163265306,0.3043043043043043
printer_error,2026-03-15 08:26:38+00:00,1.0,0.8,0.3333,0.2667,0.0,0,0.0025646598737950614,0.04131054131054134,0.01020408163265306,0.38738738738738737
printer_error,2026-03-15 08:26:39+00:00,1.0,0.8,0.3333,0.2667,0.0,0,0.0025629251144289357,0.05270655270655275,0.01020408163265306,0.9209209209209209
printer_error,2026-03-15 08:26:40+00:00,1.0,0.8,0.3333,0.2667,0.0,0,0.005995692263907815,0.04273504273504277,0.0,0.0
printer_error,2026-03-15 08:26:41+00:00,1.0,0.8,0.3333,0.2667,0.0,0,0.03343914167191281,0.16666666666666663,0.01020408163265306,0.7717717717717718
printer_error,2026-03-15 08:26:42+00:00,1.0,0.8,0.3333,0.2667,0.0,0,0.002460533584638418,0.04700854700854704,0.01020408163265306,0.5365365365365365
printer_error,2026-03-15 08:26:43+00:00,1.0,0.8,0.3333,0.2667,0.0,0,0.00253789464804076,0.03988603988603992,0.01020408163265306,0.15515515515515516
printer_error,2026-03-15 08:26:44+00:00,1.0,0.8,0.3333,0.2667,0.0,0,0.00249543767443227,0.03846153846153849,0.0,1.0
printer_error,2026-03-15 08:26:45+00:00,1.0,0.8,0.3333,0.2667,0.0,0,0.0025332915181208475,0.04558404558404562,0.01020408163265306,0.15215215215215214
printer_error,2026-03-15 08:26:46+00:00,1.0,0.8,0.3333,0.2667,0.0,0,0.0024776579368431147,0.03418803418803421,0.01020408163265306,0.5395395395395395
printer_error,2026-03-15 08:26:47+00:00,1.0,0.8,0.3333,0.2667,0.0,0,0.0025413245157612134,0.0498575498575499,0.01020408163265306,0.7687687687687688
printer_error,2026-03-15 08:26:48+00:00,1.0,0.8,0.3333,0.2667,0.0,0,0.0024529766104109474,0.03561253561253564,0.0,0.0
printer_error,2026-03-15 08:26:49+00:00,1.0,0.8,0.3333,0.2667,0.0,0,0.0024630259779057436,0.03561253561253564,0.01020408163265306,0.923923923923924
printer_error,2026-03-15 08:26:50+00:00,1.0,0.8,0.3333,0.2667,0.0,0,0.002485328672628531,0.04131054131054134,0.01020408163265306,0.3843843843843844
printer_error,2026-03-15 08:26:51+00:00,1.0,0.8,0.3333,0.2667,0.0,0,0.04516681970974822,0.527065527065527,0.01020408163265306,0.30730730730730726
